timestamp,event,event result,x,y,z,angular offset,positional offset
292.57159934993103,3,MOVE SOMEWHERE AND SOMETHING,0.0,0.0,0.0,n/a,n/a
298.6397110429461,grab,Picked Up,n/a,n/a,n/a,n/a,n/a
303.8941564607462,release,Snapped!,n/a,n/a,n/a,6.515769879033293,0.050720868138019654
303.8943948274132,3,MOVE SOMEWHERE AND SOMETHING,0.0,1.0,0.0,n/a,n/a
307.1482318225829,grab,Picked Up,n/a,n/a,n/a,n/a,n/a
315.78862240640643,release,Snapped!,n/a,n/a,n/a,10.263376018276153,0.15905736289215636
315.7894694970524,3,MOVE SOMEWHERE AND SOMETHING,0.0,0.5,1.0,n/a,n/a
318.97404153848055,grab,Picked Up,n/a,n/a,n/a,n/a,n/a
328.19940923639194,release,Snapped!,n/a,n/a,n/a,10.97309093583861,0.04521254714067042
328.2005169934942,3,MOVE SOMEWHERE AND SOMETHING,0.0,0.5,-0.5,n/a,n/a
332.1019175709382,grab,Picked Up,n/a,n/a,n/a,n/a,n/a
341.1264741592151,release,Snapped!,n/a,n/a,n/a,17.998186071673892,0.09288412953423608
341.1267179501551,3,MOVE SOMEWHERE AND SOMETHING,0.0,0.25,0.0,n/a,n/a
341.64376207089106,grab,Did Not Pick Up,n/a,n/a,n/a,n/a,n/a
341.84371976156103,release,Did Not Snap,n/a,n/a,n/a,n/a,n/a
343.9469171595975,grab,Picked Up,n/a,n/a,n/a,n/a,n/a
361.79423863848336,release,Snapped!,n/a,n/a,n/a,13.98746969352383,0.021976542946110914
361.79446223907365,3,MOVE SOMEWHERE AND SOMETHING,-1.0,0.5,0.0,n/a,n/a
365.9489428242442,grab,Picked Up,n/a,n/a,n/a,n/a,n/a
378.29176984086087,release,Did Not Snap,n/a,n/a,n/a,n/a,n/a
378.7924320541993,grab,Picked Up,n/a,n/a,n/a,n/a,n/a
379.64369487017456,release,Did Not Snap,n/a,n/a,n/a,n/a,n/a
380.01059722150654,grab,Picked Up,n/a,n/a,n/a,n/a,n/a
380.8940853424991,release,Snapped!,n/a,n/a,n/a,9.26557133404187,0.08991105056430422
380.8943194902871,3,MOVE SOMEWHERE AND SOMETHING,-0.5,0.5,0.0,n/a,n/a
384.2811011997588,grab,Did Not Pick Up,n/a,n/a,n/a,n/a,n/a
385.2318400610894,release,Did Not Snap,n/a,n/a,n/a,n/a,n/a
386.5834345110937,grab,Picked Up,n/a,n/a,n/a,n/a,n/a
397.8425628846525,release,Snapped!,n/a,n/a,n/a,11.40722431191043,0.06486269272888275
397.84315081558464,3,MOVE SOMEWHERE AND SOMETHING,0.0,0.5,0.5,n/a,n/a
401.17990837197374,grab,Picked Up,n/a,n/a,n/a,n/a,n/a
405.96657834142,release,Snapped!,n/a,n/a,n/a,9.613219957414499,0.034493012007603734
405.967395598564,3,MOVE SOMEWHERE AND SOMETHING,0.0,0.75,0.0,n/a,n/a
409.9526391649995,grab,Picked Up,n/a,n/a,n/a,n/a,n/a
413.4222727282316,release,Snapped!,n/a,n/a,n/a,9.109422746389178,0.31833939677908696
413.4225171218686,3,MOVE SOMEWHERE AND SOMETHING,1.0,0.5,0.0,n/a,n/a
416.1090803235398,grab,Picked Up,n/a,n/a,n/a,n/a,n/a
421.7306944847498,release,Snapped!,n/a,n/a,n/a,10.171185001863236,0.050299607508012156
421.7317696962136,3,MOVE SOMEWHERE AND SOMETHING,0.5,0.5,0.0,n/a,n/a
426.5179514810827,grab,Picked Up,n/a,n/a,n/a,n/a,n/a
432.18935293545087,release,Snapped!,n/a,n/a,n/a,1.8944391521097697,0.036083388746107975
432.19034798821247,3,MOVE SOMEWHERE AND SOMETHING,0.0,0.5,-1.0,n/a,n/a
433.18973504535444,FINISHED,FINISHED,n/a,n/a,n/a,n/a,n/a
