timestamp,event,event result,x,y,z,angular offset,positional offset
6.026970088448799e-07,1,MOVE SOMEWHERE AND SOMETHING,0.0,0.5,-1.0,n/a,n/a
24.590214852443196,grab,Picked Up,n/a,n/a,n/a,n/a,n/a
34.76545051450737,release,Did Not Snap,n/a,n/a,n/a,n/a,n/a
35.19882251085382,grab,Picked Up,n/a,n/a,n/a,n/a,n/a
39.469081492772006,release,Did Not Snap,n/a,n/a,n/a,n/a,n/a
39.85392070978421,grab,Picked Up,n/a,n/a,n/a,n/a,n/a
41.62120071106193,release,Did Not Snap,n/a,n/a,n/a,n/a,n/a
42.422696122880275,grab,Picked Up,n/a,n/a,n/a,n/a,n/a
53.49801155189357,release,Snapped!,n/a,n/a,n/a,7.944921140745917,0.09945888836884016
53.49988202206052,1,MOVE SOMEWHERE AND SOMETHING,-0.5,0.5,0.0,n/a,n/a
57.18395457834263,grab,Did Not Pick Up,n/a,n/a,n/a,n/a,n/a
58.26813116012846,release,Did Not Snap,n/a,n/a,n/a,n/a,n/a
60.03636583346819,grab,Picked Up,n/a,n/a,n/a,n/a,n/a
68.67789250115341,release,Snapped!,n/a,n/a,n/a,4.100918044583983,0.06452451857840773
68.67870041649377,1,MOVE SOMEWHERE AND SOMETHING,0.0,0.5,1.0,n/a,n/a
71.88000543632702,grab,Picked Up,n/a,n/a,n/a,n/a,n/a
79.80421538341926,release,Snapped!,n/a,n/a,n/a,0.946859126416743,0.06372548698879844
79.80502360010813,1,MOVE SOMEWHERE AND SOMETHING,1.0,0.5,0.0,n/a,n/a
81.33927140561298,grab,Did Not Pick Up,n/a,n/a,n/a,n/a,n/a
82.3730293691239,release,Did Not Snap,n/a,n/a,n/a,n/a,n/a
83.707948699636,grab,Picked Up,n/a,n/a,n/a,n/a,n/a
88.62857651705617,release,Snapped!,n/a,n/a,n/a,4.370777679481412,0.008843600005792786
88.62937659733542,1,MOVE SOMEWHERE AND SOMETHING,0.0,1.0,0.0,n/a,n/a
90.84629297644027,grab,Did Not Pick Up,n/a,n/a,n/a,n/a,n/a
91.3467074813081,release,Did Not Snap,n/a,n/a,n/a,n/a,n/a
91.4969306148082,grab,Picked Up,n/a,n/a,n/a,n/a,n/a
113.49999141156762,release,Snapped!,n/a,n/a,n/a,3.015863975082587,0.1270849794671575
113.500800532302,1,MOVE SOMEWHERE AND SOMETHING,0.0,0.75,0.0,n/a,n/a
114.68393484001558,grab,Did Not Pick Up,n/a,n/a,n/a,n/a,n/a
115.8514113807879,release,Did Not Snap,n/a,n/a,n/a,n/a,n/a
116.98571517684486,grab,Picked Up,n/a,n/a,n/a,n/a,n/a
122.69132691882906,release,Snapped!,n/a,n/a,n/a,4.663118056865821,0.023210563372965204
122.69215080564015,1,MOVE SOMEWHERE AND SOMETHING,0.0,0.5,0.5,n/a,n/a
124.34268327338005,grab,Did Not Pick Up,n/a,n/a,n/a,n/a,n/a
125.6604474362324,release,Did Not Snap,n/a,n/a,n/a,n/a,n/a
125.9277712837175,grab,Picked Up,n/a,n/a,n/a,n/a,n/a
140.89011356921085,release,Snapped!,n/a,n/a,n/a,1.1762204921084127,0.03487498588937248
140.89082686112084,1,MOVE SOMEWHERE AND SOMETHING,0.5,0.5,0.0,n/a,n/a
143.15892095538325,grab,Did Not Pick Up,n/a,n/a,n/a,n/a,n/a
144.24318884576593,release,Did Not Snap,n/a,n/a,n/a,n/a,n/a
144.7773962705712,grab,Picked Up,n/a,n/a,n/a,n/a,n/a
153.86767335148053,release,Snapped!,n/a,n/a,n/a,3.165952509916061,0.006011671585765035
153.86796897436338,1,MOVE SOMEWHERE AND SOMETHING,0.0,0.5,-0.5,n/a,n/a
155.06850706225288,grab,Did Not Pick Up,n/a,n/a,n/a,n/a,n/a
155.98598699319587,release,Did Not Snap,n/a,n/a,n/a,n/a,n/a
156.40311449706292,grab,Picked Up,n/a,n/a,n/a,n/a,n/a
162.77610137604768,release,Snapped!,n/a,n/a,n/a,4.835679069084061,0.05818345251822766
162.7769620273763,1,MOVE SOMEWHERE AND SOMETHING,0.0,0.0,0.0,n/a,n/a
164.3773443783587,grab,Did Not Pick Up,n/a,n/a,n/a,n/a,n/a
165.82847936229834,release,Did Not Snap,n/a,n/a,n/a,n/a,n/a
166.07911362556302,grab,Picked Up,n/a,n/a,n/a,n/a,n/a
172.15057932743233,release,Did Not Snap,n/a,n/a,n/a,n/a,n/a
172.70117046772603,grab,Picked Up,n/a,n/a,n/a,n/a,n/a
176.01997639235816,release,Snapped!,n/a,n/a,n/a,2.7536607346402797,0.05116546175911932
176.02024670196664,1,MOVE SOMEWHERE AND SOMETHING,-1.0,0.5,0.0,n/a,n/a
177.58874366904462,grab,Did Not Pick Up,n/a,n/a,n/a,n/a,n/a
178.87313649851723,release,Did Not Snap,n/a,n/a,n/a,n/a,n/a
180.0074674159396,grab,Did Not Pick Up,n/a,n/a,n/a,n/a,n/a
180.42441169991596,release,Did Not Snap,n/a,n/a,n/a,n/a,n/a
181.00873006617311,grab,Picked Up,n/a,n/a,n/a,n/a,n/a
187.59652328203478,release,Snapped!,n/a,n/a,n/a,2.70403911861434,0.05242435192184959
187.5967628540958,1,MOVE SOMEWHERE AND SOMETHING,0.0,0.25,0.0,n/a,n/a
188.59748066623334,FINISHED,FINISHED,n/a,n/a,n/a,n/a,n/a
