timestamp,event,event result,x,y,z,angular offset,positional offset
7.476359360502312,3,MOVE SOMEWHERE AND SOMETHING,0.0,0.0,0.0,n/a,n/a
21.09881157190311,grab,Picked Up,n/a,n/a,n/a,n/a,n/a
29.422719025366614,release,Snapped!,n/a,n/a,n/a,6.220580511975792,0.012940866685594578
29.42406394374185,3,MOVE SOMEWHERE AND SOMETHING,0.0,1.0,0.0,n/a,n/a
34.094130725583916,grab,Picked Up,n/a,n/a,n/a,n/a,n/a
51.892961312577654,release,Snapped!,n/a,n/a,n/a,8.14468764361536,0.041814781656028394
51.893850290665696,3,MOVE SOMEWHERE AND SOMETHING,0.0,0.5,1.0,n/a,n/a
55.54595308546214,grab,Picked Up,n/a,n/a,n/a,n/a,n/a
64.51985449688813,release,Snapped!,n/a,n/a,n/a,19.72963545004566,0.050812520287355334
64.52019954092569,3,MOVE SOMEWHERE AND SOMETHING,0.0,0.5,-0.5,n/a,n/a
70.8592826037234,grab,Did Not Pick Up,n/a,n/a,n/a,n/a,n/a
71.79330958104421,release,Did Not Snap,n/a,n/a,n/a,n/a,n/a
72.27709115521046,grab,Picked Up,n/a,n/a,n/a,n/a,n/a
90.75948622490785,release,Snapped!,n/a,n/a,n/a,5.337050703258171,0.12390854611848465
90.76034627353947,3,MOVE SOMEWHERE AND SOMETHING,0.0,0.25,0.0,n/a,n/a
91.94380242145577,grab,Did Not Pick Up,n/a,n/a,n/a,n/a,n/a
92.71123611047075,release,Did Not Snap,n/a,n/a,n/a,n/a,n/a
94.77994146003952,grab,Picked Up,n/a,n/a,n/a,n/a,n/a
105.17094295261867,release,Snapped!,n/a,n/a,n/a,7.604614867128949,0.07257954967290763
105.17116474511793,3,MOVE SOMEWHERE AND SOMETHING,-1.0,0.5,0.0,n/a,n/a
109.4764265612188,grab,Picked Up,n/a,n/a,n/a,n/a,n/a
126.27261402048025,release,Snapped!,n/a,n/a,n/a,7.346502563334608,0.03079764084863765
126.27282767656989,3,MOVE SOMEWHERE AND SOMETHING,-0.5,0.5,0.0,n/a,n/a
129.7770364604569,grab,Picked Up,n/a,n/a,n/a,n/a,n/a
154.01401421219816,release,Snapped!,n/a,n/a,n/a,41.294172585737584,0.11725445157636781
154.01486974060222,3,MOVE SOMEWHERE AND SOMETHING,0.0,0.5,0.5,n/a,n/a
163.20463793429215,grab,Picked Up,n/a,n/a,n/a,n/a,n/a
169.3773488985863,release,Did Not Snap,n/a,n/a,n/a,n/a,n/a
169.91142764758015,grab,Picked Up,n/a,n/a,n/a,n/a,n/a
172.2631471572138,release,Snapped!,n/a,n/a,n/a,38.680805717467194,0.07490354048011674
172.26397556425246,3,MOVE SOMEWHERE AND SOMETHING,0.0,0.75,0.0,n/a,n/a
175.06472212503732,grab,Picked Up,n/a,n/a,n/a,n/a,n/a
184.52382054455484,release,Snapped!,n/a,n/a,n/a,6.256482216612818,0.024245446890046738
184.52463870574434,3,MOVE SOMEWHERE AND SOMETHING,1.0,0.5,0.0,n/a,n/a
186.50838607685532,grab,Did Not Pick Up,n/a,n/a,n/a,n/a,n/a
187.62628415898303,release,Did Not Snap,n/a,n/a,n/a,n/a,n/a
189.5784414677239,grab,Picked Up,n/a,n/a,n/a,n/a,n/a
208.92771071266813,release,Did Not Snap,n/a,n/a,n/a,n/a,n/a
209.562333486117,grab,Picked Up,n/a,n/a,n/a,n/a,n/a
213.1651453087421,release,Did Not Snap,n/a,n/a,n/a,n/a,n/a
213.9316740481983,grab,Did Not Pick Up,n/a,n/a,n/a,n/a,n/a
214.24858810691964,release,Did Not Snap,n/a,n/a,n/a,n/a,n/a
214.58208115496032,grab,Did Not Pick Up,n/a,n/a,n/a,n/a,n/a
214.94984325357544,release,Did Not Snap,n/a,n/a,n/a,n/a,n/a
215.66667420037928,grab,Did Not Pick Up,n/a,n/a,n/a,n/a,n/a
216.16035477156728,release,Did Not Snap,n/a,n/a,n/a,n/a,n/a
217.36841873700624,grab,Picked Up,n/a,n/a,n/a,n/a,n/a
218.03591320801453,release,Did Not Snap,n/a,n/a,n/a,n/a,n/a
218.38665212961482,grab,Picked Up,n/a,n/a,n/a,n/a,n/a
219.00342783923782,release,Did Not Snap,n/a,n/a,n/a,n/a,n/a
219.30361253573616,grab,Picked Up,n/a,n/a,n/a,n/a,n/a
226.32662471292787,release,Snapped!,n/a,n/a,n/a,6.900628509048426,0.018254320634490277
226.3274708995283,3,MOVE SOMEWHERE AND SOMETHING,0.5,0.5,0.0,n/a,n/a
232.23093933040965,grab,Picked Up,n/a,n/a,n/a,n/a,n/a
240.588089140093,release,Snapped!,n/a,n/a,n/a,7.632565174805619,0.03573409644903195
240.58835312138288,3,MOVE SOMEWHERE AND SOMETHING,0.0,0.5,-1.0,n/a,n/a
241.58929363006519,FINISHED,FINISHED,n/a,n/a,n/a,n/a,n/a
