timestamp,event,event result,x,y,z,angular offset,positional offset
9.0404551326732e-07,1,MOVE SOMEWHERE AND SOMETHING,0.0,0.5,-1.0,n/a,n/a
26.79057544606359,grab,Picked Up,n/a,n/a,n/a,n/a,n/a
30.76035983422216,release,Snapped!,n/a,n/a,n/a,9.710125896942973,0.06438124074297043
30.76239604606654,1,MOVE SOMEWHERE AND SOMETHING,-0.5,0.5,0.0,n/a,n/a
33.67947488215013,grab,Did Not Pick Up,n/a,n/a,n/a,n/a,n/a
34.41359148051616,release,Did Not Snap,n/a,n/a,n/a,n/a,n/a
36.18164745419277,grab,Did Not Pick Up,n/a,n/a,n/a,n/a,n/a
36.665445301178245,release,Did Not Snap,n/a,n/a,n/a,n/a,n/a
38.500720674948326,grab,Picked Up,n/a,n/a,n/a,n/a,n/a
41.13597628025652,release,Snapped!,n/a,n/a,n/a,7.350033727844045,0.04723810721262393
41.13681613853834,1,MOVE SOMEWHERE AND SOMETHING,0.0,0.5,1.0,n/a,n/a
44.32235279652919,grab,Picked Up,n/a,n/a,n/a,n/a,n/a
53.76363910864728,release,Snapped!,n/a,n/a,n/a,7.7247507063345635,0.0582574246824174
53.764446722639136,1,MOVE SOMEWHERE AND SOMETHING,1.0,0.5,0.0,n/a,n/a
56.416113466149675,grab,Picked Up,n/a,n/a,n/a,n/a,n/a
62.87145648060506,release,Snapped!,n/a,n/a,n/a,1.8576607139252355,0.030457376862386566
62.87227253235503,1,MOVE SOMEWHERE AND SOMETHING,0.0,1.0,0.0,n/a,n/a
66.22461040911978,grab,Picked Up,n/a,n/a,n/a,n/a,n/a
71.74574533580319,release,Snapped!,n/a,n/a,n/a,1.3722391376175958,0.02269587434777984
71.74658338599399,1,MOVE SOMEWHERE AND SOMETHING,0.0,0.75,0.0,n/a,n/a
73.19693034359454,grab,Did Not Pick Up,n/a,n/a,n/a,n/a,n/a
73.797451314889,release,Did Not Snap,n/a,n/a,n/a,n/a,n/a
75.6494093418639,grab,Picked Up,n/a,n/a,n/a,n/a,n/a
84.0563928523751,release,Snapped!,n/a,n/a,n/a,4.550564528016552,0.023027069537812597
84.05720980817058,1,MOVE SOMEWHERE AND SOMETHING,0.0,0.5,0.5,n/a,n/a
85.20731903193601,grab,Did Not Pick Up,n/a,n/a,n/a,n/a,n/a
87.20896861364922,release,Did Not Snap,n/a,n/a,n/a,n/a,n/a
87.54302578609017,grab,Picked Up,n/a,n/a,n/a,n/a,n/a
93.93156917891875,release,Snapped!,n/a,n/a,n/a,10.138071683813752,0.12658614934599213
93.93237377942555,1,MOVE SOMEWHERE AND SOMETHING,0.5,0.5,0.0,n/a,n/a
96.86779419223082,grab,Picked Up,n/a,n/a,n/a,n/a,n/a
101.754965093296,release,Snapped!,n/a,n/a,n/a,6.531943037286159,0.04234255610388975
101.7557627627872,1,MOVE SOMEWHERE AND SOMETHING,0.0,0.5,-0.5,n/a,n/a
104.10731381860688,grab,Picked Up,n/a,n/a,n/a,n/a,n/a
106.74269629163544,release,Snapped!,n/a,n/a,n/a,12.921778458251262,0.07765468179712041
106.74349878270272,1,MOVE SOMEWHERE AND SOMETHING,0.0,0.0,0.0,n/a,n/a
108.46072479739587,grab,Did Not Pick Up,n/a,n/a,n/a,n/a,n/a
110.17888770458927,release,Did Not Snap,n/a,n/a,n/a,n/a,n/a
110.91322549275755,grab,Picked Up,n/a,n/a,n/a,n/a,n/a
114.99969081643447,release,Did Not Snap,n/a,n/a,n/a,n/a,n/a
115.70071121260528,grab,Picked Up,n/a,n/a,n/a,n/a,n/a
119.40360238029157,release,Snapped!,n/a,n/a,n/a,3.068474715707508,0.06844656595204546
119.40440276191931,1,MOVE SOMEWHERE AND SOMETHING,-1.0,0.5,0.0,n/a,n/a
120.8548127013573,grab,Did Not Pick Up,n/a,n/a,n/a,n/a,n/a
122.37271174780022,release,Did Not Snap,n/a,n/a,n/a,n/a,n/a
126.97706195454037,grab,Picked Up,n/a,n/a,n/a,n/a,n/a
132.69841252621356,release,Snapped!,n/a,n/a,n/a,4.655538690840211,0.05526590177358964
132.69921742806886,1,MOVE SOMEWHERE AND SOMETHING,0.0,0.25,0.0,n/a,n/a
133.69950401049658,FINISHED,FINISHED,n/a,n/a,n/a,n/a,n/a
