timestamp,event,event result,x,y,z,angular offset,positional offset
194.2936867186975,2,MOVE SOMEWHERE AND SOMETHING,0.0,0.5,0.0,n/a,n/a
202.86084630111284,grab,Picked Up,n/a,n/a,n/a,n/a,n/a
209.4328777847992,release,Snapped!,n/a,n/a,n/a,8.967571839104739,0.06910369422966296
209.4337227660056,2,MOVE SOMEWHERE AND SOMETHING,0.0,0.5,0.0,n/a,n/a
214.57005734963388,grab,Did Not Pick Up,n/a,n/a,n/a,n/a,n/a
215.20377969375156,release,Did Not Snap,n/a,n/a,n/a,n/a,n/a
217.88949972230736,grab,Picked Up,n/a,n/a,n/a,n/a,n/a
231.50185675881,release,Did Not Snap,n/a,n/a,n/a,n/a,n/a
231.98605901548842,grab,Picked Up,n/a,n/a,n/a,n/a,n/a
235.00429481888503,release,Snapped!,n/a,n/a,n/a,5.891424570017746,0.038319645597692756
235.0045440340982,2,MOVE SOMEWHERE AND SOMETHING,0.0,0.5,0.0,n/a,n/a
236.62242267924736,grab,Did Not Pick Up,n/a,n/a,n/a,n/a,n/a
237.9908555796333,release,Did Not Snap,n/a,n/a,n/a,n/a,n/a
238.4076796255564,grab,Picked Up,n/a,n/a,n/a,n/a,n/a
238.89122283305565,release,Did Not Snap,n/a,n/a,n/a,n/a,n/a
239.27571218445422,grab,Picked Up,n/a,n/a,n/a,n/a,n/a
252.98682022181058,release,Snapped!,n/a,n/a,n/a,8.592461335794392,0.0349909790296485
252.98732859673754,2,MOVE SOMEWHERE AND SOMETHING,0.0,0.5,0.0,n/a,n/a
256.6067832945648,grab,Did Not Pick Up,n/a,n/a,n/a,n/a,n/a
257.03986388690754,release,Did Not Snap,n/a,n/a,n/a,n/a,n/a
257.557459174058,grab,Picked Up,n/a,n/a,n/a,n/a,n/a
273.05379884444903,release,Snapped!,n/a,n/a,n/a,15.904691614785726,0.07600515023135826
273.0540272666154,2,MOVE SOMEWHERE AND SOMETHING,0.0,0.5,0.0,n/a,n/a
274.7885211533089,grab,Did Not Pick Up,n/a,n/a,n/a,n/a,n/a
276.1396376645853,release,Did Not Snap,n/a,n/a,n/a,n/a,n/a
276.3239803798016,grab,Did Not Pick Up,n/a,n/a,n/a,n/a,n/a
278.2582445183954,release,Did Not Snap,n/a,n/a,n/a,n/a,n/a
278.5930830875083,grab,Picked Up,n/a,n/a,n/a,n/a,n/a
286.36601819482,release,Did Not Snap,n/a,n/a,n/a,n/a,n/a
286.81569133716465,grab,Picked Up,n/a,n/a,n/a,n/a,n/a
292.5707429174814,release,Did Not Snap,n/a,n/a,n/a,n/a,n/a
292.95455875497265,grab,Picked Up,n/a,n/a,n/a,n/a,n/a
293.7550515803168,release,Did Not Snap,n/a,n/a,n/a,n/a,n/a
294.0220662442363,grab,Picked Up,n/a,n/a,n/a,n/a,n/a
294.2053569518237,release,Did Not Snap,n/a,n/a,n/a,n/a,n/a
296.04176117709136,grab,Picked Up,n/a,n/a,n/a,n/a,n/a
301.36224169536257,release,Snapped!,n/a,n/a,n/a,8.833906002688154,0.022165368588253683
301.3629179214065,2,MOVE SOMEWHERE AND SOMETHING,0.0,0.5,0.0,n/a,n/a
305.03267551968304,grab,Picked Up,n/a,n/a,n/a,n/a,n/a
313.68887153121506,release,Snapped!,n/a,n/a,n/a,4.008068175757853,0.0432394249669647
313.6891554015062,2,MOVE SOMEWHERE AND SOMETHING,0.0,0.5,0.0,n/a,n/a
316.8756135832236,grab,Picked Up,n/a,n/a,n/a,n/a,n/a
327.6512451569528,release,Snapped!,n/a,n/a,n/a,3.737247662049056,0.038558883864574546
327.6517390671516,2,MOVE SOMEWHERE AND SOMETHING,0.0,0.5,0.0,n/a,n/a
332.8723596220728,grab,Picked Up,n/a,n/a,n/a,n/a,n/a
346.9509332311159,release,Snapped!,n/a,n/a,n/a,5.7317160065815145,0.08176520640246607
346.9512155946646,2,MOVE SOMEWHERE AND SOMETHING,0.0,0.5,0.0,n/a,n/a
348.6034488733634,grab,Did Not Pick Up,n/a,n/a,n/a,n/a,n/a
350.12105741984806,release,Did Not Snap,n/a,n/a,n/a,n/a,n/a
350.40499822656403,grab,Picked Up,n/a,n/a,n/a,n/a,n/a
363.7491035635365,release,Snapped!,n/a,n/a,n/a,15.200608712445831,0.043008966001148015
363.7493738731449,2,MOVE SOMEWHERE AND SOMETHING,0.0,0.5,0.0,n/a,n/a
367.76998038522584,grab,Picked Up,n/a,n/a,n/a,n/a,n/a
376.059759216518,release,Did Not Snap,n/a,n/a,n/a,n/a,n/a
383.84963131517225,grab,Did Not Pick Up,n/a,n/a,n/a,n/a,n/a
383.8831515147132,release,Did Not Snap,n/a,n/a,n/a,n/a,n/a
384.7169165297791,grab,Picked Up,n/a,n/a,n/a,n/a,n/a
394.0759359055839,release,Snapped!,n/a,n/a,n/a,10.496807295013594,0.10628919302013512
394.07664980019086,2,MOVE SOMEWHERE AND SOMETHING,0.0,0.5,0.0,n/a,n/a
398.1626118718654,grab,Picked Up,n/a,n/a,n/a,n/a,n/a
400.9817925233628,release,Snapped!,n/a,n/a,n/a,5.4917798115869605,0.13565136068963
400.9826112872493,2,MOVE SOMEWHERE AND SOMETHING,0.0,0.5,0.0,n/a,n/a
401.98293644228556,FINISHED,FINISHED,n/a,n/a,n/a,n/a,n/a
