timestamp,event,event result,x,y,z,angular offset,positional offset
6.026970088448799e-07,1,MOVE SOMEWHERE AND SOMETHING,0.0,0.5,-1.0,n/a,n/a
17.681535503223373,grab,Picked Up,n/a,n/a,n/a,n/a,n/a
21.233305518866374,release,Snapped!,n/a,n/a,n/a,13.802748493841648,0.10084753027512372
21.23406160226397,1,MOVE SOMEWHERE AND SOMETHING,-0.5,0.5,0.0,n/a,n/a
23.235143443394847,grab,Did Not Pick Up,n/a,n/a,n/a,n/a,n/a
24.670363007421912,release,Did Not Snap,n/a,n/a,n/a,n/a,n/a
24.954328223366744,grab,Picked Up,n/a,n/a,n/a,n/a,n/a
29.257001455814624,release,Snapped!,n/a,n/a,n/a,4.093032526369246,0.022254931979459047
29.25723289146602,1,MOVE SOMEWHERE AND SOMETHING,0.0,0.5,1.0,n/a,n/a
30.60892708782531,grab,Did Not Pick Up,n/a,n/a,n/a,n/a,n/a
31.643139484880894,release,Did Not Snap,n/a,n/a,n/a,n/a,n/a
32.127777190148194,grab,Picked Up,n/a,n/a,n/a,n/a,n/a
46.171760812459674,release,Snapped!,n/a,n/a,n/a,5.7884535075559524,0.024472307762437615
46.17203745038674,1,MOVE SOMEWHERE AND SOMETHING,1.0,0.5,0.0,n/a,n/a
48.25674621363138,grab,Did Not Pick Up,n/a,n/a,n/a,n/a,n/a
48.87388715764173,release,Did Not Snap,n/a,n/a,n/a,n/a,n/a
49.10743134452361,grab,Did Not Pick Up,n/a,n/a,n/a,n/a,n/a
50.008186734819645,release,Did Not Snap,n/a,n/a,n/a,n/a,n/a
51.310423011936116,grab,Picked Up,n/a,n/a,n/a,n/a,n/a
57.015082191297836,release,Snapped!,n/a,n/a,n/a,8.826440282223343,0.053267831589808426
57.01589794169931,1,MOVE SOMEWHERE AND SOMETHING,0.0,1.0,0.0,n/a,n/a
59.716627235214865,grab,Picked Up,n/a,n/a,n/a,n/a,n/a
71.16096711172827,release,Snapped!,n/a,n/a,n/a,2.661862143633533,0.12145577280395092
71.16161501101278,1,MOVE SOMEWHERE AND SOMETHING,0.0,0.75,0.0,n/a,n/a
77.06606583801855,grab,Picked Up,n/a,n/a,n/a,n/a,n/a
86.2562236753247,release,Snapped!,n/a,n/a,n/a,1.7184461356719591,0.06047541299271618
86.25649338223617,1,MOVE SOMEWHERE AND SOMETHING,0.0,0.5,0.5,n/a,n/a
88.22536106824428,grab,Did Not Pick Up,n/a,n/a,n/a,n/a,n/a
89.40912067410456,release,Did Not Snap,n/a,n/a,n/a,n/a,n/a
89.7758985685042,grab,Picked Up,n/a,n/a,n/a,n/a,n/a
95.71513917630003,release,Snapped!,n/a,n/a,n/a,5.817850742524688,0.01180066782181546
95.71595733748953,1,MOVE SOMEWHERE AND SOMETHING,0.5,0.5,0.0,n/a,n/a
97.14970059519344,grab,Did Not Pick Up,n/a,n/a,n/a,n/a,n/a
97.86690913167332,release,Did Not Snap,n/a,n/a,n/a,n/a,n/a
98.38442034259106,grab,Picked Up,n/a,n/a,n/a,n/a,n/a
103.98829502139122,release,Snapped!,n/a,n/a,n/a,2.718043702700296,0.006025144318020938
103.98860510900228,1,MOVE SOMEWHERE AND SOMETHING,0.0,0.5,-0.5,n/a,n/a
106.40703443840843,grab,Picked Up,n/a,n/a,n/a,n/a,n/a
108.4756291930761,release,Snapped!,n/a,n/a,n/a,1.471075535820595,0.012357483848887994
108.47593566450509,1,MOVE SOMEWHERE AND SOMETHING,0.0,0.0,0.0,n/a,n/a
110.01087958505516,grab,Did Not Pick Up,n/a,n/a,n/a,n/a,n/a
110.54460364685933,release,Did Not Snap,n/a,n/a,n/a,n/a,n/a
111.24558908660364,grab,Picked Up,n/a,n/a,n/a,n/a,n/a
112.86244164009526,release,Did Not Snap,n/a,n/a,n/a,n/a,n/a
113.38072550857834,grab,Picked Up,n/a,n/a,n/a,n/a,n/a
113.91420547809392,release,Did Not Snap,n/a,n/a,n/a,n/a,n/a
114.46498074232383,grab,Picked Up,n/a,n/a,n/a,n/a,n/a
114.96509630947527,release,Did Not Snap,n/a,n/a,n/a,n/a,n/a
115.56598884347567,grab,Picked Up,n/a,n/a,n/a,n/a,n/a
122.53760964942019,release,Snapped!,n/a,n/a,n/a,2.291940853410818,0.07265683825057295
122.53785856328484,1,MOVE SOMEWHERE AND SOMETHING,-1.0,0.5,0.0,n/a,n/a
126.30766085154458,grab,Picked Up,n/a,n/a,n/a,n/a,n/a
139.61970421438897,release,Snapped!,n/a,n/a,n/a,3.9615775185892095,0.059208175227886
139.62042714945107,1,MOVE SOMEWHERE AND SOMETHING,0.0,0.25,0.0,n/a,n/a
140.62069113074097,FINISHED,FINISHED,n/a,n/a,n/a,n/a,n/a
