timestamp,event,event result,x,y,z,angular offset,positional offset
140.15757332487146,2,MOVE SOMEWHERE AND SOMETHING,0.0,0.5,0.0,n/a,n/a
149.93023269830164,grab,Picked Up,n/a,n/a,n/a,n/a,n/a
155.98520318573586,release,Snapped!,n/a,n/a,n/a,6.681269230955033,0.06108505279596161
155.98599844443902,2,MOVE SOMEWHERE AND SOMETHING,0.0,0.5,0.0,n/a,n/a
157.88674660237095,grab,Did Not Pick Up,n/a,n/a,n/a,n/a,n/a
158.53726008515505,release,Did Not Snap,n/a,n/a,n/a,n/a,n/a
161.22336373035697,grab,Picked Up,n/a,n/a,n/a,n/a,n/a
167.06147388950816,release,Snapped!,n/a,n/a,n/a,8.663455685066054,0.03185106695278872
167.0622799967575,2,MOVE SOMEWHERE AND SOMETHING,0.0,0.5,0.0,n/a,n/a
171.31537205842423,grab,Picked Up,n/a,n/a,n/a,n/a,n/a
176.73646199377595,release,Snapped!,n/a,n/a,n/a,5.337503775392826,0.03445237802128671
176.73726779967677,2,MOVE SOMEWHERE AND SOMETHING,0.0,0.5,0.0,n/a,n/a
179.4891416600144,grab,Picked Up,n/a,n/a,n/a,n/a,n/a
188.9302715722587,release,Did Not Snap,n/a,n/a,n/a,n/a,n/a
189.73129145613706,grab,Picked Up,n/a,n/a,n/a,n/a,n/a
196.37005807287028,release,Did Not Snap,n/a,n/a,n/a,n/a,n/a
197.02095004937595,grab,Picked Up,n/a,n/a,n/a,n/a,n/a
198.00477577109808,release,Did Not Snap,n/a,n/a,n/a,n/a,n/a
198.53891478979284,grab,Picked Up,n/a,n/a,n/a,n/a,n/a
203.87648990467443,release,Did Not Snap,n/a,n/a,n/a,n/a,n/a
204.51076311385822,grab,Picked Up,n/a,n/a,n/a,n/a,n/a
214.95275608821916,release,Did Not Snap,n/a,n/a,n/a,n/a,n/a
215.37013823157247,grab,Picked Up,n/a,n/a,n/a,n/a,n/a
219.5566838043561,release,Did Not Snap,n/a,n/a,n/a,n/a,n/a
219.92405143777893,grab,Picked Up,n/a,n/a,n/a,n/a,n/a
228.11414026627756,release,Snapped!,n/a,n/a,n/a,22.21002746488633,0.09273454308883333
228.11500513648525,2,MOVE SOMEWHERE AND SOMETHING,0.0,0.5,0.0,n/a,n/a
229.89901660942553,grab,Did Not Pick Up,n/a,n/a,n/a,n/a,n/a
231.48363300935355,release,Did Not Snap,n/a,n/a,n/a,n/a,n/a
234.10295481249042,grab,Picked Up,n/a,n/a,n/a,n/a,n/a
240.30804205740267,release,Snapped!,n/a,n/a,n/a,10.962668417298028,0.04453994402170681
240.30885298622806,2,MOVE SOMEWHERE AND SOMETHING,0.0,0.5,0.0,n/a,n/a
242.19300407393044,grab,Did Not Pick Up,n/a,n/a,n/a,n/a,n/a
242.4431323730562,release,Did Not Snap,n/a,n/a,n/a,n/a,n/a
242.82728180334178,grab,Picked Up,n/a,n/a,n/a,n/a,n/a
248.8654424685023,release,Snapped!,n/a,n/a,n/a,7.599574669990924,0.06004363520249094
248.86625580811574,2,MOVE SOMEWHERE AND SOMETHING,0.0,0.5,0.0,n/a,n/a
253.00222545870517,grab,Did Not Pick Up,n/a,n/a,n/a,n/a,n/a
255.38765501743754,release,Did Not Snap,n/a,n/a,n/a,n/a,n/a
255.68831222839083,grab,Picked Up,n/a,n/a,n/a,n/a,n/a
260.50888300053913,release,Snapped!,n/a,n/a,n/a,5.986472472361407,0.03441375161057288
260.50972195477544,2,MOVE SOMEWHERE AND SOMETHING,0.0,0.5,0.0,n/a,n/a
262.0101533351595,grab,Did Not Pick Up,n/a,n/a,n/a,n/a,n/a
264.49546214354615,release,Did Not Snap,n/a,n/a,n/a,n/a,n/a
267.1148107666999,grab,Picked Up,n/a,n/a,n/a,n/a,n/a
274.35320365101796,release,Did Not Snap,n/a,n/a,n/a,n/a,n/a
274.98714567819536,grab,Picked Up,n/a,n/a,n/a,n/a,n/a
280.82542097632694,release,Snapped!,n/a,n/a,n/a,5.893640490411213,0.1294250838718058
280.82563794725013,2,MOVE SOMEWHERE AND SOMETHING,0.0,0.5,0.0,n/a,n/a
285.6465781726649,grab,Picked Up,n/a,n/a,n/a,n/a,n/a
290.8343770538784,release,Did Not Snap,n/a,n/a,n/a,n/a,n/a
291.36850974425454,grab,Picked Up,n/a,n/a,n/a,n/a,n/a
291.98515105244456,release,Did Not Snap,n/a,n/a,n/a,n/a,n/a
292.3855280996933,grab,Picked Up,n/a,n/a,n/a,n/a,n/a
296.43893278029856,release,Did Not Snap,n/a,n/a,n/a,n/a,n/a
296.8728878860011,grab,Picked Up,n/a,n/a,n/a,n/a,n/a
300.9430493515432,release,Did Not Snap,n/a,n/a,n/a,n/a,n/a
301.4437676157035,grab,Picked Up,n/a,n/a,n/a,n/a,n/a
303.7453391180192,release,Snapped!,n/a,n/a,n/a,13.68295284764572,0.04838356850944003
303.74555970512444,2,MOVE SOMEWHERE AND SOMETHING,0.0,0.5,0.0,n/a,n/a
308.10023182740446,grab,Picked Up,n/a,n/a,n/a,n/a,n/a
314.8890009905325,release,Did Not Snap,n/a,n/a,n/a,n/a,n/a
315.27309075381424,grab,Picked Up,n/a,n/a,n/a,n/a,n/a
317.0242329399831,release,Did Not Snap,n/a,n/a,n/a,n/a,n/a
318.025074606356,grab,Did Not Pick Up,n/a,n/a,n/a,n/a,n/a
318.2085994617313,release,Did Not Snap,n/a,n/a,n/a,n/a,n/a
319.14273552721073,grab,Did Not Pick Up,n/a,n/a,n/a,n/a,n/a
320.3437434174186,release,Did Not Snap,n/a,n/a,n/a,n/a,n/a
326.1658188226495,grab,Picked Up,n/a,n/a,n/a,n/a,n/a
329.4350562331377,release,Snapped!,n/a,n/a,n/a,22.824468393157048,0.2841110847584884
329.43586957275113,2,MOVE SOMEWHERE AND SOMETHING,0.0,0.5,0.0,n/a,n/a
333.3049975334625,grab,Did Not Pick Up,n/a,n/a,n/a,n/a,n/a
334.08891799915443,release,Did Not Snap,n/a,n/a,n/a,n/a,n/a
334.6228334172589,grab,Did Not Pick Up,n/a,n/a,n/a,n/a,n/a
335.1565529588355,release,Did Not Snap,n/a,n/a,n/a,n/a,n/a
344.8652625634452,grab,Picked Up,n/a,n/a,n/a,n/a,n/a
354.4065830183488,release,Did Not Snap,n/a,n/a,n/a,n/a,n/a
354.90732388364694,grab,Picked Up,n/a,n/a,n/a,n/a,n/a
355.8745685066102,release,Snapped!,n/a,n/a,n/a,2.7318081169105914,0.05769054694987058
355.8753758192536,2,MOVE SOMEWHERE AND SOMETHING,0.0,0.5,0.0,n/a,n/a
356.87565968954476,FINISHED,FINISHED,n/a,n/a,n/a,n/a,n/a
