timestamp,event,event result,x,y,z,angular offset,positional offset
406.0528923881477,3,MOVE SOMEWHERE AND SOMETHING,0.0,0.0,0.0,n/a,n/a
411.69024688578924,grab,Picked Up,n/a,n/a,n/a,n/a,n/a
417.1792553497647,release,Snapped!,n/a,n/a,n/a,2.0668652684013744,0.12541058133694694
417.18009249590995,3,MOVE SOMEWHERE AND SOMETHING,0.0,1.0,0.0,n/a,n/a
420.281764467817,grab,Did Not Pick Up,n/a,n/a,n/a,n/a,n/a
421.7496408679199,release,Did Not Snap,n/a,n/a,n/a,n/a,n/a
422.0502736696443,grab,Picked Up,n/a,n/a,n/a,n/a,n/a
430.8908352988789,release,Snapped!,n/a,n/a,n/a,6.863880097855407,0.009648758159928708
430.89118395909856,3,MOVE SOMEWHERE AND SOMETHING,0.0,0.5,1.0,n/a,n/a
432.8419348743693,grab,Did Not Pick Up,n/a,n/a,n/a,n/a,n/a
433.86009714873086,release,Did Not Snap,n/a,n/a,n/a,n/a,n/a
434.51032314504175,grab,Picked Up,n/a,n/a,n/a,n/a,n/a
445.03666748332114,release,Snapped!,n/a,n/a,n/a,12.373623530406869,0.0442729074438485
445.03752240902816,3,MOVE SOMEWHERE AND SOMETHING,0.0,0.5,-0.5,n/a,n/a
448.9562454025519,grab,Picked Up,n/a,n/a,n/a,n/a,n/a
467.8563547016544,release,Snapped!,n/a,n/a,n/a,6.063076807112731,0.02900975262055737
467.85722680422623,3,MOVE SOMEWHERE AND SOMETHING,0.0,0.25,0.0,n/a,n/a
470.95845669787735,grab,Picked Up,n/a,n/a,n/a,n/a,n/a
479.5329712932401,release,Did Not Snap,n/a,n/a,n/a,n/a,n/a
480.2506261268551,grab,Picked Up,n/a,n/a,n/a,n/a,n/a
481.1843761649003,release,Did Not Snap,n/a,n/a,n/a,n/a,n/a
482.06810295390846,grab,Picked Up,n/a,n/a,n/a,n/a,n/a
487.9235292008208,release,Snapped!,n/a,n/a,n/a,6.108107631735783,0.023649521990239966
487.9243567038139,3,MOVE SOMEWHERE AND SOMETHING,-1.0,0.5,0.0,n/a,n/a
491.5092584807756,grab,Did Not Pick Up,n/a,n/a,n/a,n/a,n/a
492.32668437993175,release,Did Not Snap,n/a,n/a,n/a,n/a,n/a
492.96164255426606,grab,Picked Up,n/a,n/a,n/a,n/a,n/a
511.02621521044523,release,Snapped!,n/a,n/a,n/a,6.607997649660099,0.10220377254483158
511.0264879308417,3,MOVE SOMEWHERE AND SOMETHING,-0.5,0.5,0.0,n/a,n/a
514.6798148032631,grab,Picked Up,n/a,n/a,n/a,n/a,n/a
529.5421096866368,release,Snapped!,n/a,n/a,n/a,14.839310444919729,0.04443737335393361
529.5423549843193,3,MOVE SOMEWHERE AND SOMETHING,0.0,0.5,0.5,n/a,n/a
535.2814715570707,grab,Picked Up,n/a,n/a,n/a,n/a,n/a
535.3979834360781,release,Did Not Snap,n/a,n/a,n/a,n/a,n/a
535.4983382136724,grab,Picked Up,n/a,n/a,n/a,n/a,n/a
552.0617604719358,release,Snapped!,n/a,n/a,n/a,18.673650923168196,0.07276221630727024
552.0620139060281,3,MOVE SOMEWHERE AND SOMETHING,0.0,0.75,0.0,n/a,n/a
557.4507191230035,grab,Picked Up,n/a,n/a,n/a,n/a,n/a
567.9088182708804,release,Snapped!,n/a,n/a,n/a,8.778926493648179,0.06781795322568643
567.9093260431104,3,MOVE SOMEWHERE AND SOMETHING,1.0,0.5,0.0,n/a,n/a
570.8279893696301,grab,Picked Up,n/a,n/a,n/a,n/a,n/a
590.5617506781094,release,Snapped!,n/a,n/a,n/a,2.453963366806436,0.07939451330851573
590.5620167688389,3,MOVE SOMEWHERE AND SOMETHING,0.5,0.5,0.0,n/a,n/a
593.4981106955515,grab,Did Not Pick Up,n/a,n/a,n/a,n/a,n/a
594.482572262618,release,Did Not Snap,n/a,n/a,n/a,n/a,n/a
596.100712478269,grab,Picked Up,n/a,n/a,n/a,n/a,n/a
612.6972972353987,release,Did Not Snap,n/a,n/a,n/a,n/a,n/a
613.1644178534524,grab,Picked Up,n/a,n/a,n/a,n/a,n/a
625.6091958906912,release,Snapped!,n/a,n/a,n/a,4.873910136306372,0.030274417555551183
625.6100209828963,3,MOVE SOMEWHERE AND SOMETHING,0.0,0.5,-1.0,n/a,n/a
626.6107803811275,FINISHED,FINISHED,n/a,n/a,n/a,n/a,n/a
