timestamp,event,event result,x,y,z,angular offset,positional offset
146.51995032571253,2,MOVE SOMEWHERE AND SOMETHING,0.0,0.5,0.0,n/a,n/a
155.36586330168873,grab,Picked Up,n/a,n/a,n/a,n/a,n/a
164.39123835250362,release,Snapped!,n/a,n/a,n/a,2.9074043383342896,0.03978760725187498
164.39210744159038,2,MOVE SOMEWHERE AND SOMETHING,0.0,0.5,0.0,n/a,n/a
167.5271911275768,grab,Did Not Pick Up,n/a,n/a,n/a,n/a,n/a
168.56140382598088,release,Did Not Snap,n/a,n/a,n/a,n/a,n/a
168.74541144166028,grab,Did Not Pick Up,n/a,n/a,n/a,n/a,n/a
169.7624005662941,release,Did Not Snap,n/a,n/a,n/a,n/a,n/a
170.5634771036913,grab,Picked Up,n/a,n/a,n/a,n/a,n/a
173.88270642297215,release,Snapped!,n/a,n/a,n/a,5.156061995760993,0.024418811237978157
173.88355110283004,2,MOVE SOMEWHERE AND SOMETHING,0.0,0.5,0.0,n/a,n/a
178.63666169742982,grab,Picked Up,n/a,n/a,n/a,n/a,n/a
188.26185045459928,release,Snapped!,n/a,n/a,n/a,6.577193794299492,0.061050166825133124
188.26267102657684,2,MOVE SOMEWHERE AND SOMETHING,0.0,0.5,0.0,n/a,n/a
190.2801667180466,grab,Did Not Pick Up,n/a,n/a,n/a,n/a,n/a
191.7314370074647,release,Did Not Snap,n/a,n/a,n/a,n/a,n/a
192.28222372293777,grab,Picked Up,n/a,n/a,n/a,n/a,n/a
200.80510948443188,release,Snapped!,n/a,n/a,n/a,11.32657552195527,0.09755421193006812
200.80537497246428,2,MOVE SOMEWHERE AND SOMETHING,0.0,0.5,0.0,n/a,n/a
204.32545759017026,grab,Picked Up,n/a,n/a,n/a,n/a,n/a
211.33170785950048,release,Snapped!,n/a,n/a,n/a,7.783517549294881,0.12829761068103596
211.33252089776542,2,MOVE SOMEWHERE AND SOMETHING,0.0,0.5,0.0,n/a,n/a
215.7015152104151,grab,Picked Up,n/a,n/a,n/a,n/a,n/a
221.35639975325586,release,Snapped!,n/a,n/a,n/a,17.14955501857742,0.10863706985729711
221.3566549954391,2,MOVE SOMEWHERE AND SOMETHING,0.0,0.5,0.0,n/a,n/a
224.02590271204613,grab,Picked Up,n/a,n/a,n/a,n/a,n/a
232.7668963846316,release,Snapped!,n/a,n/a,n/a,5.10358907953352,0.07082435952331743
232.7677015878354,2,MOVE SOMEWHERE AND SOMETHING,0.0,0.5,0.0,n/a,n/a
236.86944196585299,grab,Picked Up,n/a,n/a,n/a,n/a,n/a
247.346630938788,release,Snapped!,n/a,n/a,n/a,10.42605887767008,0.06925347968818785
247.3475253411491,2,MOVE SOMEWHERE AND SOMETHING,0.0,0.5,0.0,n/a,n/a
249.18101944390955,grab,Did Not Pick Up,n/a,n/a,n/a,n/a,n/a
250.2486318024528,release,Did Not Snap,n/a,n/a,n/a,n/a,n/a
250.61596839697964,grab,Picked Up,n/a,n/a,n/a,n/a,n/a
258.8560738448483,release,Snapped!,n/a,n/a,n/a,3.3126372865458413,0.12622602057579566
258.85677357607557,2,MOVE SOMEWHERE AND SOMETHING,0.0,0.5,0.0,n/a,n/a
262.9262784032266,grab,Picked Up,n/a,n/a,n/a,n/a,n/a
269.9323279744529,release,Snapped!,n/a,n/a,n/a,4.253946865246622,0.042674381261492485
269.9331795853264,2,MOVE SOMEWHERE AND SOMETHING,0.0,0.5,0.0,n/a,n/a
273.93502112603693,grab,Picked Up,n/a,n/a,n/a,n/a,n/a
283.7266934806566,release,Did Not Snap,n/a,n/a,n/a,n/a,n/a
284.3289004968333,grab,Picked Up,n/a,n/a,n/a,n/a,n/a
285.9462644387369,release,Snapped!,n/a,n/a,n/a,11.832881706214472,0.03843899122386422
285.947090133639,2,MOVE SOMEWHERE AND SOMETHING,0.0,0.5,0.0,n/a,n/a
286.94793511484545,FINISHED,FINISHED,n/a,n/a,n/a,n/a,n/a
