timestamp,event,event result,x,y,z,angular offset,positional offset
6.026970088448799e-07,2,MOVE SOMEWHERE AND SOMETHING,0.0,0.5,0.0,n/a,n/a
6.334353398020803,grab,Picked Up,n/a,n/a,n/a,n/a,n/a
10.576252773536298,release,Snapped!,n/a,n/a,n/a,2.1444430992651977,0.0108823404955091
10.577225827857077,2,MOVE SOMEWHERE AND SOMETHING,0.0,0.5,0.0,n/a,n/a
13.359908353892836,grab,Picked Up,n/a,n/a,n/a,n/a,n/a
17.02684352207694,release,Snapped!,n/a,n/a,n/a,2.915626831156566,0.010892122025116845
17.027004442178303,2,MOVE SOMEWHERE AND SOMETHING,0.0,0.5,0.0,n/a,n/a
21.096613535911853,grab,Picked Up,n/a,n/a,n/a,n/a,n/a
25.8969779867931,release,Snapped!,n/a,n/a,n/a,4.32523669246406,0.014918278784789435
25.89725462472016,2,MOVE SOMEWHERE AND SOMETHING,0.0,0.5,0.0,n/a,n/a
32.22262874135469,grab,Picked Up,n/a,n/a,n/a,n/a,n/a
39.473272949120016,release,Did Not Snap,n/a,n/a,n/a,n/a,n/a
40.22326097051697,grab,Picked Up,n/a,n/a,n/a,n/a,n/a
44.6819323792037,release,Did Not Snap,n/a,n/a,n/a,n/a,n/a
45.09869103250134,grab,Picked Up,n/a,n/a,n/a,n/a,n/a
49.590662957669274,release,Snapped!,n/a,n/a,n/a,4.7814003615386245,0.013449435460973673
49.59078771595011,2,MOVE SOMEWHERE AND SOMETHING,0.0,0.5,0.0,n/a,n/a
52.54929986195225,grab,Picked Up,n/a,n/a,n/a,n/a,n/a
57.74135679753328,release,Snapped!,n/a,n/a,n/a,0.8842907427527944,0.012938241399275657
57.74150325290643,2,MOVE SOMEWHERE AND SOMETHING,0.0,0.5,0.0,n/a,n/a
60.642145938861816,grab,Picked Up,n/a,n/a,n/a,n/a,n/a
70.95082986857891,release,Snapped!,n/a,n/a,n/a,9.473360428269558,0.008234519046448209
70.95096788619392,2,MOVE SOMEWHERE AND SOMETHING,0.0,0.5,0.0,n/a,n/a
75.63472914947097,grab,Picked Up,n/a,n/a,n/a,n/a,n/a
80.27664214593887,release,Snapped!,n/a,n/a,n/a,1.1503506938406045,0.015177985583459024
80.27706192440552,2,MOVE SOMEWHERE AND SOMETHING,0.0,0.5,0.0,n/a,n/a
84.38539158882081,grab,Picked Up,n/a,n/a,n/a,n/a,n/a
90.27748381231171,release,Snapped!,n/a,n/a,n/a,8.288419360021903,0.005913304469059258
90.27763478791243,2,MOVE SOMEWHERE AND SOMETHING,0.0,0.5,0.0,n/a,n/a
94.6529453652148,grab,Picked Up,n/a,n/a,n/a,n/a,n/a
100.97840325673356,release,Snapped!,n/a,n/a,n/a,2.777300416516461,0.0035228438880628467
100.97857623077509,2,MOVE SOMEWHERE AND SOMETHING,0.0,0.5,0.0,n/a,n/a
105.50381793487678,grab,Picked Up,n/a,n/a,n/a,n/a,n/a
114.14616427049404,release,Snapped!,n/a,n/a,n/a,6.725819044273017,0.011171735017781938
114.14632669733791,2,MOVE SOMEWHERE AND SOMETHING,0.0,0.5,0.0,n/a,n/a
122.6302685889085,grab,Picked Up,n/a,n/a,n/a,n/a,n/a
128.70577627826762,release,Snapped!,n/a,n/a,n/a,2.7258151978586596,0.012494618698172229
128.70593629432346,2,MOVE SOMEWHERE AND SOMETHING,0.0,0.5,0.0,n/a,n/a
129.71429389374512,FINISHED,FINISHED,n/a,n/a,n/a,n/a,n/a
