timestamp,event,event result,x,y,z,angular offset,positional offset
6.026970088448799e-07,1,MOVE SOMEWHERE AND SOMETHING,0.0,0.5,-1.0,n/a,n/a
5.3826336473083405,grab,Picked Up,n/a,n/a,n/a,n/a,n/a
12.702607297395113,release,Snapped!,n/a,n/a,n/a,3.379412989070294,0.01333473590736804
12.703468852769257,1,MOVE SOMEWHERE AND SOMETHING,-0.5,0.5,0.0,n/a,n/a
16.236450994555536,grab,Picked Up,n/a,n/a,n/a,n/a,n/a
21.136710365213293,release,Snapped!,n/a,n/a,n/a,1.9515993086265295,0.006964287800570124
21.136833918100105,1,MOVE SOMEWHERE AND SOMETHING,0.0,0.5,1.0,n/a,n/a
24.620368386492718,grab,Picked Up,n/a,n/a,n/a,n/a,n/a
33.30440719174233,release,Snapped!,n/a,n/a,n/a,1.417946660833986,0.015544485113824306
33.304561482176595,1,MOVE SOMEWHERE AND SOMETHING,1.0,0.5,0.0,n/a,n/a
36.61308509448933,grab,Picked Up,n/a,n/a,n/a,n/a,n/a
41.671839012396575,release,Snapped!,n/a,n/a,n/a,2.8148592330535362,0.011732028642856565
41.67198938530028,1,MOVE SOMEWHERE AND SOMETHING,0.0,1.0,0.0,n/a,n/a
45.28903781531977,grab,Picked Up,n/a,n/a,n/a,n/a,n/a
51.030973201981546,release,Snapped!,n/a,n/a,n/a,0.9505358075796261,0.007714915083441618
51.031381227856535,1,MOVE SOMEWHERE AND SOMETHING,0.0,0.75,0.0,n/a,n/a
56.07305712332115,grab,Picked Up,n/a,n/a,n/a,n/a,n/a
60.60670072507464,release,Snapped!,n/a,n/a,n/a,1.4773628178850469,0.011378682867851996
60.606823675264444,1,MOVE SOMEWHERE AND SOMETHING,0.0,0.5,0.5,n/a,n/a
63.590397469636876,grab,Picked Up,n/a,n/a,n/a,n/a,n/a
69.31578370048129,release,Snapped!,n/a,n/a,n/a,1.5418106311204358,0.004615126332758292
69.3159548664318,1,MOVE SOMEWHERE AND SOMETHING,0.5,0.5,0.0,n/a,n/a
73.49952462273427,grab,Picked Up,n/a,n/a,n/a,n/a,n/a
79.55830144312786,release,Snapped!,n/a,n/a,n/a,1.3776917761501453,0.017109933791414168
79.55861484557245,1,MOVE SOMEWHERE AND SOMETHING,0.0,0.5,-0.5,n/a,n/a
82.90028890281118,grab,Picked Up,n/a,n/a,n/a,n/a,n/a
85.50883568882392,release,Snapped!,n/a,n/a,n/a,3.3011459043790436,0.011013773488997843
85.50895984440774,1,MOVE SOMEWHERE AND SOMETHING,0.0,0.0,0.0,n/a,n/a
88.62582339711977,grab,Picked Up,n/a,n/a,n/a,n/a,n/a
90.70926408585781,release,Snapped!,n/a,n/a,n/a,2.333813993317586,0.016471474880937434
90.70938824144163,1,MOVE SOMEWHERE AND SOMETHING,-1.0,0.5,0.0,n/a,n/a
93.5096182908899,grab,Picked Up,n/a,n/a,n/a,n/a,n/a
97.64317715344394,release,Snapped!,n/a,n/a,n/a,3.1715419880408007,0.011683750321593255
97.64346011968959,1,MOVE SOMEWHERE AND SOMETHING,0.0,0.25,0.0,n/a,n/a
98.65161702100731,FINISHED,FINISHED,n/a,n/a,n/a,n/a,n/a
