timestamp,event,event result,x,y,z,angular offset,positional offset
6.026970088448799e-07,3,MOVE SOMEWHERE AND SOMETHING,0.0,0.0,0.0,n/a,n/a
9.649164345529812,grab,Picked Up,n/a,n/a,n/a,n/a,n/a
13.54379332073094,release,Did Not Snap,n/a,n/a,n/a,n/a,n/a
14.377344378358718,grab,Picked Up,n/a,n/a,n/a,n/a,n/a
17.652518957081043,release,Snapped!,n/a,n/a,n/a,7.071483984774861,0.008909656184125286
17.653492011401823,3,MOVE SOMEWHERE AND SOMETHING,0.0,1.0,0.0,n/a,n/a
20.636216605688798,grab,Picked Up,n/a,n/a,n/a,n/a,n/a
26.02825383307764,release,Snapped!,n/a,n/a,n/a,3.6382553422819153,0.018563733495234404
26.02847411883437,3,MOVE SOMEWHERE AND SOMETHING,0.0,0.5,1.0,n/a,n/a
29.178595396539976,grab,Picked Up,n/a,n/a,n/a,n/a,n/a
34.68729879337045,release,Snapped!,n/a,n/a,n/a,1.7707314641520326,0.017644072448285718
34.6874310853639,3,MOVE SOMEWHERE AND SOMETHING,0.0,0.5,-0.5,n/a,n/a
38.629365447440755,grab,Picked Up,n/a,n/a,n/a,n/a,n/a
43.463097615519686,release,Snapped!,n/a,n/a,n/a,2.8442382159803636,0.010865875163204681
43.46368283431528,3,MOVE SOMEWHERE AND SOMETHING,0.0,0.25,0.0,n/a,n/a
46.72173117483427,grab,Picked Up,n/a,n/a,n/a,n/a,n/a
47.521733706161704,release,Did Not Snap,n/a,n/a,n/a,n/a,n/a
48.47193134557833,grab,Picked Up,n/a,n/a,n/a,n/a,n/a
51.45567720994679,release,Snapped!,n/a,n/a,n/a,1.3236157121430447,0.005992585095260554
51.455817939698356,3,MOVE SOMEWHERE AND SOMETHING,-1.0,0.5,0.0,n/a,n/a
55.11400827563263,grab,Did Not Pick Up,n/a,n/a,n/a,n/a,n/a
56.10579140596254,release,Did Not Snap,n/a,n/a,n/a,n/a,n/a
56.83925407807397,grab,Picked Up,n/a,n/a,n/a,n/a,n/a
57.90595998031591,release,Did Not Snap,n/a,n/a,n/a,n/a,n/a
58.539378866489656,grab,Picked Up,n/a,n/a,n/a,n/a,n/a
64.36481973181792,release,Snapped!,n/a,n/a,n/a,1.8895597685920702,0.012488537409633262
64.36526482355895,3,MOVE SOMEWHERE AND SOMETHING,-0.5,0.5,0.0,n/a,n/a
68.07352511754851,grab,Picked Up,n/a,n/a,n/a,n/a,n/a
69.18189847749696,release,Did Not Snap,n/a,n/a,n/a,n/a,n/a
70.04148423781581,grab,Picked Up,n/a,n/a,n/a,n/a,n/a
71.24054692342764,release,Did Not Snap,n/a,n/a,n/a,n/a,n/a
72.63228882928216,grab,Picked Up,n/a,n/a,n/a,n/a,n/a
81.97465508403555,release,Snapped!,n/a,n/a,n/a,5.503094192258486,0.011884309110481621
81.97503176966607,3,MOVE SOMEWHERE AND SOMETHING,0.0,0.5,0.5,n/a,n/a
85.75839172713978,grab,Picked Up,n/a,n/a,n/a,n/a,n/a
88.30038268246577,release,Did Not Snap,n/a,n/a,n/a,n/a,n/a
89.26701345852555,grab,Picked Up,n/a,n/a,n/a,n/a,n/a
95.35082450457553,release,Snapped!,n/a,n/a,n/a,1.713066533315188,0.0026642859068793556
95.35096282353905,3,MOVE SOMEWHERE AND SOMETHING,0.0,0.75,0.0,n/a,n/a
99.05947142869627,grab,Picked Up,n/a,n/a,n/a,n/a,n/a
105.20162053171738,release,Snapped!,n/a,n/a,n/a,0.7451198385479032,0.002781276644046773
105.2017853693493,3,MOVE SOMEWHERE AND SOMETHING,1.0,0.5,0.0,n/a,n/a
108.38540213601847,grab,Picked Up,n/a,n/a,n/a,n/a,n/a
109.86868136222783,release,Did Not Snap,n/a,n/a,n/a,n/a,n/a
110.54379874500403,grab,Picked Up,n/a,n/a,n/a,n/a,n/a
114.58575489457775,release,Did Not Snap,n/a,n/a,n/a,n/a,n/a
116.6693806112975,grab,Picked Up,n/a,n/a,n/a,n/a,n/a
122.99477280884228,release,Did Not Snap,n/a,n/a,n/a,n/a,n/a
124.00326963127299,grab,Picked Up,n/a,n/a,n/a,n/a,n/a
130.5371130270849,release,Snapped!,n/a,n/a,n/a,6.606707134604084,0.015377069190897324
130.53747585068422,3,MOVE SOMEWHERE AND SOMETHING,0.5,0.5,0.0,n/a,n/a
134.3376787787671,grab,Picked Up,n/a,n/a,n/a,n/a,n/a
144.03824383734775,release,Did Not Snap,n/a,n/a,n/a,n/a,n/a
144.6466908770055,grab,Picked Up,n/a,n/a,n/a,n/a,n/a
151.9722114490132,release,Snapped!,n/a,n/a,n/a,3.3026976778816928,0.008702277927490934
151.9724787451366,3,MOVE SOMEWHERE AND SOMETHING,0.0,0.5,-1.0,n/a,n/a
152.98066758939578,FINISHED,FINISHED,n/a,n/a,n/a,n/a,n/a
