timestamp,event,event result,x,y,z,angular offset,positional offset
330.78556371908655,3,MOVE SOMEWHERE AND SOMETHING,0.0,0.0,0.0,n/a,n/a
335.0601533803618,grab,Picked Up,n/a,n/a,n/a,n/a,n/a
344.61800521152105,release,Snapped!,n/a,n/a,n/a,1.3633268982606501,0.004007793359643069
344.61886375341015,3,MOVE SOMEWHERE AND SOMETHING,0.0,1.0,0.0,n/a,n/a
347.570848389458,grab,Picked Up,n/a,n/a,n/a,n/a,n/a
371.7748794078622,release,Snapped!,n/a,n/a,n/a,4.332215208442889,0.004737536067067205
371.7756942542182,3,MOVE SOMEWHERE AND SOMETHING,0.0,0.5,1.0,n/a,n/a
374.8444631883214,grab,Picked Up,n/a,n/a,n/a,n/a,n/a
401.4504515255316,release,Snapped!,n/a,n/a,n/a,1.1558635811272688,0.03584732545627156
401.45126787863006,3,MOVE SOMEWHERE AND SOMETHING,0.0,0.5,-0.5,n/a,n/a
407.53935023838176,grab,Picked Up,n/a,n/a,n/a,n/a,n/a
419.09905295205516,release,Snapped!,n/a,n/a,n/a,3.046734369076978,0.03605723832762348
419.0998882901094,3,MOVE SOMEWHERE AND SOMETHING,0.0,0.25,0.0,n/a,n/a
423.1528400439125,grab,Picked Up,n/a,n/a,n/a,n/a,n/a
441.5684785848192,release,Snapped!,n/a,n/a,n/a,3.8702884100996435,0.01289133211586574
441.5692958419632,3,MOVE SOMEWHERE AND SOMETHING,-1.0,0.5,0.0,n/a,n/a
447.3900862971712,grab,Did Not Pick Up,n/a,n/a,n/a,n/a,n/a
448.00721368049886,release,Did Not Snap,n/a,n/a,n/a,n/a,n/a
449.87535201272175,grab,Picked Up,n/a,n/a,n/a,n/a,n/a
494.6809894597334,release,Snapped!,n/a,n/a,n/a,2.0577233419563434,0.002336716954585259
494.6818015939528,3,MOVE SOMEWHERE AND SOMETHING,-0.5,0.5,0.0,n/a,n/a
498.16760762737175,grab,Picked Up,n/a,n/a,n/a,n/a,n/a
525.4408900388348,release,Snapped!,n/a,n/a,n/a,9.450186988758135,0.04414686771227395
525.4417085013728,3,MOVE SOMEWHERE AND SOMETHING,0.0,0.5,0.5,n/a,n/a
528.82709074839,grab,Did Not Pick Up,n/a,n/a,n/a,n/a,n/a
529.1940150981628,release,Did Not Snap,n/a,n/a,n/a,n/a,n/a
530.6289733930365,grab,Picked Up,n/a,n/a,n/a,n/a,n/a
570.2462818868153,release,Snapped!,n/a,n/a,n/a,2.0249387670197403,0.033073152670860716
570.2471359084768,3,MOVE SOMEWHERE AND SOMETHING,0.0,0.75,0.0,n/a,n/a
572.9822972821077,grab,Picked Up,n/a,n/a,n/a,n/a,n/a
590.2301856578001,release,Snapped!,n/a,n/a,n/a,1.793069203072972,0.010087027034379095
590.2310077365202,3,MOVE SOMEWHERE AND SOMETHING,1.0,0.5,0.0,n/a,n/a
593.0162276169632,grab,Picked Up,n/a,n/a,n/a,n/a,n/a
609.3967690016053,release,Snapped!,n/a,n/a,n/a,5.646429292541964,0.011127635087258655
609.3975995180834,3,MOVE SOMEWHERE AND SOMETHING,0.5,0.5,0.0,n/a,n/a
612.1327639051993,grab,Picked Up,n/a,n/a,n/a,n/a,n/a
624.2095746254917,release,Snapped!,n/a,n/a,n/a,1.4609733824524718,0.028532239464459385
624.2103930880296,3,MOVE SOMEWHERE AND SOMETHING,0.0,0.5,-1.0,n/a,n/a
625.210626331772,FINISHED,FINISHED,n/a,n/a,n/a,n/a,n/a
