timestamp,event,event result,x,y,z,angular offset,positional offset
359.89854921789515,3,MOVE SOMEWHERE AND SOMETHING,0.0,0.0,0.0,n/a,n/a
372.07154977810205,grab,Picked Up,n/a,n/a,n/a,n/a,n/a
385.2319072618059,release,Snapped!,n/a,n/a,n/a,5.0448630925047295,0.023502977355845188
385.23213899880574,3,MOVE SOMEWHERE AND SOMETHING,0.0,1.0,0.0,n/a,n/a
389.40330977089377,grab,Picked Up,n/a,n/a,n/a,n/a,n/a
410.054174626034,release,Snapped!,n/a,n/a,n/a,3.942753125227068,0.011251115107638186
410.05502774365004,3,MOVE SOMEWHERE AND SOMETHING,0.0,0.5,1.0,n/a,n/a
414.0403828090321,grab,Picked Up,n/a,n/a,n/a,n/a,n/a
441.63150652856467,release,Snapped!,n/a,n/a,n/a,7.044831420578286,0.01927087371378045
441.63233764773986,3,MOVE SOMEWHERE AND SOMETHING,0.0,0.5,-0.5,n/a,n/a
446.56955771381354,grab,Picked Up,n/a,n/a,n/a,n/a,n/a
468.0209587884826,release,Snapped!,n/a,n/a,n/a,0.6485928538549208,0.005225381352726843
468.0218676555719,3,MOVE SOMEWHERE AND SOMETHING,0.0,0.25,0.0,n/a,n/a
471.5910315068902,grab,Picked Up,n/a,n/a,n/a,n/a,n/a
491.291608619411,release,Snapped!,n/a,n/a,n/a,3.335695967124965,0.025313494984709105
491.29253164988006,3,MOVE SOMEWHERE AND SOMETHING,-1.0,0.5,0.0,n/a,n/a
497.09631309145294,grab,Picked Up,n/a,n/a,n/a,n/a,n/a
510.2733267096932,release,Snapped!,n/a,n/a,n/a,1.4581467976848563,0.02018249051392136
510.27357200737583,3,MOVE SOMEWHERE AND SOMETHING,-0.5,0.5,0.0,n/a,n/a
514.9284146627745,grab,Picked Up,n/a,n/a,n/a,n/a,n/a
533.5770844954085,release,Snapped!,n/a,n/a,n/a,1.6144966532541534,0.017816850704263715
533.5775723786371,3,MOVE SOMEWHERE AND SOMETHING,0.0,0.5,0.5,n/a,n/a
540.9167211354088,grab,Picked Up,n/a,n/a,n/a,n/a,n/a
566.7225933329054,release,Snapped!,n/a,n/a,n/a,3.2994287429376707,0.010675509008639467
566.723244848372,3,MOVE SOMEWHERE AND SOMETHING,0.0,0.75,0.0,n/a,n/a
570.8598865061263,grab,Picked Up,n/a,n/a,n/a,n/a,n/a
607.2572964760004,release,Snapped!,n/a,n/a,n/a,2.318757408737935,0.005943029417664251
607.2575586491993,3,MOVE SOMEWHERE AND SOMETHING,1.0,0.5,0.0,n/a,n/a
610.5934242140153,grab,Picked Up,n/a,n/a,n/a,n/a,n/a
616.5158709710082,release,Snapped!,n/a,n/a,n/a,2.220372943107115,0.025738266966013477
616.5166909402888,3,MOVE SOMEWHERE AND SOMETHING,0.5,0.5,0.0,n/a,n/a
619.0518006025162,grab,Picked Up,n/a,n/a,n/a,n/a,n/a
634.6643613506078,release,Snapped!,n/a,n/a,n/a,2.842811496533475,0.023320784255694553
634.6647012717208,3,MOVE SOMEWHERE AND SOMETHING,0.0,0.5,-1.0,n/a,n/a
635.6660175619882,FINISHED,FINISHED,n/a,n/a,n/a,n/a,n/a
