timestamp,event,event result,x,y,z,angular offset,positional offset
6.026970088448799e-07,3,MOVE SOMEWHERE AND SOMETHING,0.0,0.0,0.0,n/a,n/a
3.60958945183803,grab,Did Not Pick Up,n/a,n/a,n/a,n/a,n/a
4.576365779225456,release,Did Not Snap,n/a,n/a,n/a,n/a,n/a
5.109827667830776,grab,Picked Up,n/a,n/a,n/a,n/a,n/a
6.159856943837981,release,Did Not Snap,n/a,n/a,n/a,n/a,n/a
8.193456699384074,grab,Picked Up,n/a,n/a,n/a,n/a,n/a
18.763588180750038,release,Snapped!,n/a,n/a,n/a,4.482276231887715,0.031348643610841616
18.764414478349163,3,MOVE SOMEWHERE AND SOMETHING,0.0,1.0,0.0,n/a,n/a
22.139267307273318,grab,Picked Up,n/a,n/a,n/a,n/a,n/a
28.231103866693065,release,Snapped!,n/a,n/a,n/a,2.5257739319521084,0.009008533757665508
28.23129431894786,3,MOVE SOMEWHERE AND SOMETHING,0.0,0.5,1.0,n/a,n/a
31.389783441924266,grab,Picked Up,n/a,n/a,n/a,n/a,n/a
37.990351122236895,release,Snapped!,n/a,n/a,n/a,1.9741173684807474,0.005915620380643767
37.99053132864254,3,MOVE SOMEWHERE AND SOMETHING,0.0,0.5,-0.5,n/a,n/a
41.17408451077728,grab,Picked Up,n/a,n/a,n/a,n/a,n/a
45.791192607800646,release,Snapped!,n/a,n/a,n/a,1.6726947034735327,0.018012696706146705
45.791461109318085,3,MOVE SOMEWHERE AND SOMETHING,0.0,0.25,0.0,n/a,n/a
48.98293342880054,grab,Picked Up,n/a,n/a,n/a,n/a,n/a
50.33298165962867,release,Did Not Snap,n/a,n/a,n/a,n/a,n/a
51.54147203320137,grab,Picked Up,n/a,n/a,n/a,n/a,n/a
57.05019441498763,release,Snapped!,n/a,n/a,n/a,1.777042272104375,0.0034056282159484396
57.050349006770396,3,MOVE SOMEWHERE AND SOMETHING,-1.0,0.5,0.0,n/a,n/a
60.408884718225586,grab,Picked Up,n/a,n/a,n/a,n/a,n/a
66.20099553491922,release,Snapped!,n/a,n/a,n/a,7.835068063075905,0.01646565454786648
66.2011317444432,3,MOVE SOMEWHERE AND SOMETHING,-0.5,0.5,0.0,n/a,n/a
69.77640121780958,grab,Picked Up,n/a,n/a,n/a,n/a,n/a
76.76870116082458,release,Snapped!,n/a,n/a,n/a,4.26517634055699,0.015089938032518029
76.76898352437321,3,MOVE SOMEWHERE AND SOMETHING,0.0,0.5,0.5,n/a,n/a
82.76913480132244,grab,Picked Up,n/a,n/a,n/a,n/a,n/a
83.36075514319026,release,Did Not Snap,n/a,n/a,n/a,n/a,n/a
84.18591274092437,grab,Picked Up,n/a,n/a,n/a,n/a,n/a
91.16993433917438,release,Snapped!,n/a,n/a,n/a,3.537323847330166,0.009023851745887669
91.17015341953709,3,MOVE SOMEWHERE AND SOMETHING,0.0,0.75,0.0,n/a,n/a
94.96187007238693,grab,Picked Up,n/a,n/a,n/a,n/a,n/a
105.05428522093516,release,Snapped!,n/a,n/a,n/a,2.466678684446735,0.010952138957812274
105.05453473749682,3,MOVE SOMEWHERE AND SOMETHING,1.0,0.5,0.0,n/a,n/a
108.32131977385603,grab,Picked Up,n/a,n/a,n/a,n/a,n/a
108.97975148994234,release,Did Not Snap,n/a,n/a,n/a,n/a,n/a
109.76309637999083,grab,Picked Up,n/a,n/a,n/a,n/a,n/a
116.1885043380624,release,Did Not Snap,n/a,n/a,n/a,n/a,n/a
116.92194561443002,grab,Picked Up,n/a,n/a,n/a,n/a,n/a
121.63906977332867,release,Snapped!,n/a,n/a,n/a,8.753232952205103,0.008575652432203757
121.63944766435321,3,MOVE SOMEWHERE AND SOMETHING,0.5,0.5,0.0,n/a,n/a
125.78955749081565,grab,Picked Up,n/a,n/a,n/a,n/a,n/a
131.68991510108586,release,Snapped!,n/a,n/a,n/a,2.822923412283355,0.0086598258033026
131.69046626750043,3,MOVE SOMEWHERE AND SOMETHING,0.0,0.5,-1.0,n/a,n/a
132.6982931922058,FINISHED,FINISHED,n/a,n/a,n/a,n/a,n/a
