timestamp,event,event result,x,y,z,angular offset,positional offset
6.026970088448799e-07,1,MOVE SOMEWHERE AND SOMETHING,0.0,0.5,-1.0,n/a,n/a
5.382057770316389,grab,Picked Up,n/a,n/a,n/a,n/a,n/a
14.76921737081265,release,Snapped!,n/a,n/a,n/a,6.927813536902468,0.015262989204903698
14.770872376798938,1,MOVE SOMEWHERE AND SOMETHING,-0.5,0.5,0.0,n/a,n/a
19.794462540422135,grab,Picked Up,n/a,n/a,n/a,n/a,n/a
25.603054408171126,release,Snapped!,n/a,n/a,n/a,0.8744935550084435,0.005121198439089628
25.603211410741928,1,MOVE SOMEWHERE AND SOMETHING,0.0,0.5,1.0,n/a,n/a
28.511961275511787,grab,Picked Up,n/a,n/a,n/a,n/a,n/a
34.92899566269097,release,Snapped!,n/a,n/a,n/a,2.314347039153242,0.012280816184689033
34.92937355371552,1,MOVE SOMEWHERE AND SOMETHING,1.0,0.5,0.0,n/a,n/a
38.02941854504723,grab,Picked Up,n/a,n/a,n/a,n/a,n/a
38.12079645204325,release,Did Not Snap,n/a,n/a,n/a,n/a,n/a
38.90454424504214,grab,Picked Up,n/a,n/a,n/a,n/a,n/a
44.538083670617645,release,Snapped!,n/a,n/a,n/a,1.1249887277610089,0.010618969104886723
44.53824157723396,1,MOVE SOMEWHERE AND SOMETHING,0.0,1.0,0.0,n/a,n/a
47.588441416494675,grab,Picked Up,n/a,n/a,n/a,n/a,n/a
53.24710366418687,release,Snapped!,n/a,n/a,n/a,2.6303492003655777,0.007812221527436066
53.24725765327263,1,MOVE SOMEWHERE AND SOMETHING,0.0,0.75,0.0,n/a,n/a
56.172417752199316,grab,Picked Up,n/a,n/a,n/a,n/a,n/a
59.797678230312826,release,Snapped!,n/a,n/a,n/a,2.2434431025152173,0.012396546643361865
59.79783613692914,1,MOVE SOMEWHERE AND SOMETHING,0.0,0.5,0.5,n/a,n/a
62.86461436281215,grab,Picked Up,n/a,n/a,n/a,n/a,n/a
67.92344180975446,release,Snapped!,n/a,n/a,n/a,1.3148871368254569,0.007484634222921522
67.923613578402,1,MOVE SOMEWHERE AND SOMETHING,0.5,0.5,0.0,n/a,n/a
71.06549478260267,grab,Picked Up,n/a,n/a,n/a,n/a,n/a
76.19920100457537,release,Snapped!,n/a,n/a,n/a,0.797021443068153,0.008180084696975523
76.19935439096413,1,MOVE SOMEWHERE AND SOMETHING,0.0,0.5,-0.5,n/a,n/a
79.59105139589147,grab,Picked Up,n/a,n/a,n/a,n/a,n/a
85.94998096984195,release,Snapped!,n/a,n/a,n/a,1.639312353467877,0.0029415496705805302
85.9501690113087,1,MOVE SOMEWHERE AND SOMETHING,0.0,0.0,0.0,n/a,n/a
91.25039710199171,grab,Picked Up,n/a,n/a,n/a,n/a,n/a
95.05901036548451,release,Snapped!,n/a,n/a,n/a,3.5977059415113395,0.010553412260953203
95.05930749510986,1,MOVE SOMEWHERE AND SOMETHING,-1.0,0.5,0.0,n/a,n/a
97.70091914307334,grab,Picked Up,n/a,n/a,n/a,n/a,n/a
102.90961654306858,release,Snapped!,n/a,n/a,n/a,3.6928983426173203,0.016079963474387518
102.90977113485134,1,MOVE SOMEWHERE AND SOMETHING,0.0,0.25,0.0,n/a,n/a
103.91816911497259,FINISHED,FINISHED,n/a,n/a,n/a,n/a,n/a
