timestamp,event,event result,x,y,z,angular offset,positional offset
6.026970088448799e-07,2,MOVE SOMEWHERE AND SOMETHING,0.0,0.5,0.0,n/a,n/a
8.607602661148373,grab,Picked Up,n/a,n/a,n/a,n/a,n/a
13.577134217911734,release,Snapped!,n/a,n/a,n/a,2.0352391859081553,0.008998891818997642
13.577891506703347,2,MOVE SOMEWHERE AND SOMETHING,0.0,0.5,0.0,n/a,n/a
16.50246729087996,grab,Picked Up,n/a,n/a,n/a,n/a,n/a
19.644344276201576,release,Snapped!,n/a,n/a,n/a,1.8799668794982185,0.010182409902649065
19.644504292257423,2,MOVE SOMEWHERE AND SOMETHING,0.0,0.5,0.0,n/a,n/a
22.636316653392264,grab,Picked Up,n/a,n/a,n/a,n/a,n/a
27.886708029762385,release,Snapped!,n/a,n/a,n/a,4.786371522528958,0.010717885359539596
27.88685508783254,2,MOVE SOMEWHERE AND SOMETHING,0.0,0.5,0.0,n/a,n/a
30.787008685165247,grab,Picked Up,n/a,n/a,n/a,n/a,n/a
31.970364785378088,release,Did Not Snap,n/a,n/a,n/a,n/a,n/a
34.27186908697731,grab,Picked Up,n/a,n/a,n/a,n/a,n/a
40.946136968319536,release,Snapped!,n/a,n/a,n/a,2.0689942141758006,0.008781541620828871
40.94632681787732,2,MOVE SOMEWHERE AND SOMETHING,0.0,0.5,0.0,n/a,n/a
43.96339399177379,grab,Picked Up,n/a,n/a,n/a,n/a,n/a
50.29701541427735,release,Snapped!,n/a,n/a,n/a,1.4754218751762391,0.010903419019480018
50.297148911664806,2,MOVE SOMEWHERE AND SOMETHING,0.0,0.5,0.0,n/a,n/a
53.7473135534202,grab,Picked Up,n/a,n/a,n/a,n/a,n/a
58.58095049537174,release,Snapped!,n/a,n/a,n/a,2.281312654957056,0.0193104674754339
58.581074952304064,2,MOVE SOMEWHERE AND SOMETHING,0.0,0.5,0.0,n/a,n/a
61.506299841159205,grab,Picked Up,n/a,n/a,n/a,n/a,n/a
62.57309313446743,release,Did Not Snap,n/a,n/a,n/a,n/a,n/a
64.00649014273975,grab,Picked Up,n/a,n/a,n/a,n/a,n/a
68.82353332929526,release,Snapped!,n/a,n/a,n/a,4.041334870892307,0.019089109040534336
68.82365808757609,2,MOVE SOMEWHERE AND SOMETHING,0.0,0.5,0.0,n/a,n/a
72.03215689890692,grab,Picked Up,n/a,n/a,n/a,n/a,n/a
72.7988423395854,release,Did Not Snap,n/a,n/a,n/a,n/a,n/a
74.41584647137475,grab,Picked Up,n/a,n/a,n/a,n/a,n/a
82.59966363479937,release,Snapped!,n/a,n/a,n/a,3.9474421673308315,0.008643702814727228
82.59981189826354,2,MOVE SOMEWHERE AND SOMETHING,0.0,0.5,0.0,n/a,n/a
85.43335723026973,grab,Picked Up,n/a,n/a,n/a,n/a,n/a
86.11665833438052,release,Did Not Snap,n/a,n/a,n/a,n/a,n/a
86.67510593153301,grab,Picked Up,n/a,n/a,n/a,n/a,n/a
91.67558537700356,release,Snapped!,n/a,n/a,n/a,2.9131892103966326,0.0032108492984677206
91.67570892989036,2,MOVE SOMEWHERE AND SOMETHING,0.0,0.5,0.0,n/a,n/a
96.97599487948621,grab,Picked Up,n/a,n/a,n/a,n/a,n/a
97.67593222913214,release,Did Not Snap,n/a,n/a,n/a,n/a,n/a
98.3594364421349,grab,Picked Up,n/a,n/a,n/a,n/a,n/a
106.40167284581776,release,Snapped!,n/a,n/a,n/a,3.201960657238371,0.002566884074360054
106.4018738452702,2,MOVE SOMEWHERE AND SOMETHING,0.0,0.5,0.0,n/a,n/a
109.8187039181634,grab,Picked Up,n/a,n/a,n/a,n/a,n/a
113.42730615230093,release,Did Not Snap,n/a,n/a,n/a,n/a,n/a
114.09413675255401,grab,Picked Up,n/a,n/a,n/a,n/a,n/a
116.32754683935141,release,Did Not Snap,n/a,n/a,n/a,n/a,n/a
117.46934125518281,grab,Picked Up,n/a,n/a,n/a,n/a,n/a
122.76141304724511,release,Did Not Snap,n/a,n/a,n/a,n/a,n/a
123.77007440595922,grab,Picked Up,n/a,n/a,n/a,n/a,n/a
129.23695213711838,release,Snapped!,n/a,n/a,n/a,1.760053827329746,0.00478214727259461
129.2370753886567,2,MOVE SOMEWHERE AND SOMETHING,0.0,0.5,0.0,n/a,n/a
130.24549807935531,FINISHED,FINISHED,n/a,n/a,n/a,n/a,n/a
