timestamp,event,event result,x,y,z,angular offset,positional offset
6.026970088448799e-07,3,MOVE SOMEWHERE AND SOMETHING,0.0,0.0,0.0,n/a,n/a
5.17663723395824,grab,Picked Up,n/a,n/a,n/a,n/a,n/a
12.946494970342787,release,Did Not Snap,n/a,n/a,n/a,n/a,n/a
14.546741413149704,grab,Picked Up,n/a,n/a,n/a,n/a,n/a
17.50531081536769,release,Snapped!,n/a,n/a,n/a,1.7670124423431959,0.00822153903688576
17.5059180326041,3,MOVE SOMEWHERE AND SOMETHING,0.0,1.0,0.0,n/a,n/a
21.172437339852102,grab,Picked Up,n/a,n/a,n/a,n/a,n/a
30.131373483199972,release,Snapped!,n/a,n/a,n/a,3.0246415388121135,0.009612964501275606
30.131539224877404,3,MOVE SOMEWHERE AND SOMETHING,0.0,0.5,1.0,n/a,n/a
33.906734144623776,grab,Picked Up,n/a,n/a,n/a,n/a,n/a
42.248994626052124,release,Snapped!,n/a,n/a,n/a,1.7519138150908204,0.0038769783601454158
42.24914921783489,3,MOVE SOMEWHERE AND SOMETHING,0.0,0.5,-0.5,n/a,n/a
46.94956932778491,grab,Picked Up,n/a,n/a,n/a,n/a,n/a
51.91647734446876,release,Snapped!,n/a,n/a,n/a,2.2146873418175126,0.027365724970138464
51.91662771737247,3,MOVE SOMEWHERE AND SOMETHING,0.0,0.25,0.0,n/a,n/a
56.233541776093844,grab,Picked Up,n/a,n/a,n/a,n/a,n/a
57.316916770857915,release,Did Not Snap,n/a,n/a,n/a,n/a,n/a
57.975469629043005,grab,Picked Up,n/a,n/a,n/a,n/a,n/a
63.18411489574698,release,Snapped!,n/a,n/a,n/a,4.456772360281557,0.002870864162690711
63.18424688639192,3,MOVE SOMEWHERE AND SOMETHING,-1.0,0.5,0.0,n/a,n/a
67.4094717451122,grab,Picked Up,n/a,n/a,n/a,n/a,n/a
70.8764127594573,release,Did Not Snap,n/a,n/a,n/a,n/a,n/a
71.4765356493774,grab,Picked Up,n/a,n/a,n/a,n/a,n/a
78.90211929362705,release,Snapped!,n/a,n/a,n/a,2.0883882290995457,0.00587619648736055
78.90255594760995,3,MOVE SOMEWHERE AND SOMETHING,-0.5,0.5,0.0,n/a,n/a
84.13602781085078,grab,Picked Up,n/a,n/a,n/a,n/a,n/a
85.16928312505631,release,Did Not Snap,n/a,n/a,n/a,n/a,n/a
87.01967775599029,grab,Picked Up,n/a,n/a,n/a,n/a,n/a
95.62848068823178,release,Snapped!,n/a,n/a,n/a,1.1161889097296165,0.007670399458961533
95.62865938789488,3,MOVE SOMEWHERE AND SOMETHING,0.0,0.5,0.5,n/a,n/a
98.62881458237467,grab,Picked Up,n/a,n/a,n/a,n/a,n/a
100.10394353693343,release,Did Not Snap,n/a,n/a,n/a,n/a,n/a
101.03780537527382,grab,Picked Up,n/a,n/a,n/a,n/a,n/a
108.56293497773186,release,Snapped!,n/a,n/a,n/a,2.1384654249158217,0.017635750714389775
108.5632453666914,3,MOVE SOMEWHERE AND SOMETHING,0.0,0.75,0.0,n/a,n/a
112.42173482115118,grab,Picked Up,n/a,n/a,n/a,n/a,n/a
120.85561368568206,release,Snapped!,n/a,n/a,n/a,3.956975148176369,0.013313050046853356
120.85577882466248,3,MOVE SOMEWHERE AND SOMETHING,1.0,0.5,0.0,n/a,n/a
125.50609070529714,grab,Picked Up,n/a,n/a,n/a,n/a,n/a
126.71467992117928,release,Did Not Snap,n/a,n/a,n/a,n/a,n/a
128.3147554993842,grab,Picked Up,n/a,n/a,n/a,n/a,n/a
132.556675969295,release,Did Not Snap,n/a,n/a,n/a,n/a,n/a
134.31522982193016,grab,Picked Up,n/a,n/a,n/a,n/a,n/a
141.34075464295174,release,Snapped!,n/a,n/a,n/a,2.623917295918445,0.00836581982646301
141.34091857653814,3,MOVE SOMEWHERE AND SOMETHING,0.5,0.5,0.0,n/a,n/a
146.5746375455526,grab,Picked Up,n/a,n/a,n/a,n/a,n/a
147.90794677100558,release,Did Not Snap,n/a,n/a,n/a,n/a,n/a
148.70810088063072,grab,Picked Up,n/a,n/a,n/a,n/a,n/a
156.1171477243517,release,Snapped!,n/a,n/a,n/a,1.1684575084688213,0.005947118991702791
156.1173863923672,3,MOVE SOMEWHERE AND SOMETHING,0.0,0.5,-1.0,n/a,n/a
157.1171416973816,FINISHED,FINISHED,n/a,n/a,n/a,n/a,n/a
