timestamp,event,event result,x,y,z,angular offset,positional offset
6.026970088448799e-07,1,MOVE SOMEWHERE AND SOMETHING,0.0,0.5,-1.0,n/a,n/a
7.045833299431626,grab,Picked Up,n/a,n/a,n/a,n/a,n/a
15.549113327228012,release,Snapped!,n/a,n/a,n/a,1.1783072217598047,0.009494738978265352
15.549869109277104,1,MOVE SOMEWHERE AND SOMETHING,-0.5,0.5,0.0,n/a,n/a
19.341335341519766,grab,Picked Up,n/a,n/a,n/a,n/a,n/a
22.52468812689906,release,Snapped!,n/a,n/a,n/a,1.814881999785457,0.010211399750289068
22.524828555302122,1,MOVE SOMEWHERE AND SOMETHING,0.0,0.5,1.0,n/a,n/a
24.649819477178426,grab,Did Not Pick Up,n/a,n/a,n/a,n/a,n/a
26.191612446537007,release,Did Not Snap,n/a,n/a,n/a,n/a,n/a
27.22517182138351,grab,Picked Up,n/a,n/a,n/a,n/a,n/a
31.70046621627119,release,Snapped!,n/a,n/a,n/a,2.1390818578465884,0.02004477326053923
31.700617191871906,1,MOVE SOMEWHERE AND SOMETHING,1.0,0.5,0.0,n/a,n/a
34.8924330486494,grab,Picked Up,n/a,n/a,n/a,n/a,n/a
39.309375825883244,release,Snapped!,n/a,n/a,n/a,4.698618337300466,0.018202165134993023
39.30952710283246,1,MOVE SOMEWHERE AND SOMETHING,0.0,1.0,0.0,n/a,n/a
42.784779610278036,grab,Picked Up,n/a,n/a,n/a,n/a,n/a
48.010198236086666,release,Snapped!,n/a,n/a,n/a,7.069214794431569,0.016149244957191486
48.010333240216646,1,MOVE SOMEWHERE AND SOMETHING,0.0,0.75,0.0,n/a,n/a
51.21892788037188,grab,Picked Up,n/a,n/a,n/a,n/a,n/a
55.044066794498704,release,Snapped!,n/a,n/a,n/a,0.49838241548531304,0.0035298773010402607
55.04422891999408,1,MOVE SOMEWHERE AND SOMETHING,0.0,0.5,0.5,n/a,n/a
60.352920383423786,grab,Picked Up,n/a,n/a,n/a,n/a,n/a
64.95321956221898,release,Snapped!,n/a,n/a,n/a,2.1855950957557946,0.01507426169521193
64.95334552589382,1,MOVE SOMEWHERE AND SOMETHING,0.5,0.5,0.0,n/a,n/a
68.63695400547911,grab,Picked Up,n/a,n/a,n/a,n/a,n/a
72.51241269557141,release,Snapped!,n/a,n/a,n/a,1.3973123716218563,0.006663465725878168
72.51266612966363,1,MOVE SOMEWHERE AND SOMETHING,0.0,0.5,-0.5,n/a,n/a
76.19605552888622,grab,Picked Up,n/a,n/a,n/a,n/a,n/a
81.42964943827133,release,Snapped!,n/a,n/a,n/a,2.3784426141615995,0.007371805763436033
81.4297778127342,1,MOVE SOMEWHERE AND SOMETHING,0.0,0.0,0.0,n/a,n/a
85.38861511377262,grab,Picked Up,n/a,n/a,n/a,n/a,n/a
89.07195870802254,release,Snapped!,n/a,n/a,n/a,0.9289428188534392,0.02214549088465028
89.07215036567135,1,MOVE SOMEWHERE AND SOMETHING,-1.0,0.5,0.0,n/a,n/a
92.21410027733103,grab,Picked Up,n/a,n/a,n/a,n/a,n/a
100.88967691522795,release,Snapped!,n/a,n/a,n/a,3.1177055358267785,0.0055012746825875425
100.88984115016287,1,MOVE SOMEWHERE AND SOMETHING,0.0,0.25,0.0,n/a,n/a
101.89806886837911,FINISHED,FINISHED,n/a,n/a,n/a,n/a,n/a
