timestamp,event,event result,x,y,z,angular offset,positional offset
6.026970088448799e-07,2,MOVE SOMEWHERE AND SOMETHING,0.0,0.5,0.0,n/a,n/a
4.435966004272519,grab,Picked Up,n/a,n/a,n/a,n/a,n/a
10.745005826573333,release,Snapped!,n/a,n/a,n/a,1.4912472585251493,0.004757180807881581
10.747555837617755,2,MOVE SOMEWHERE AND SOMETHING,0.0,0.5,0.0,n/a,n/a
13.73993533663792,grab,Picked Up,n/a,n/a,n/a,n/a,n/a
17.28141882108246,release,Snapped!,n/a,n/a,n/a,2.4119951608499712,0.02033351840828813
17.28154267531778,2,MOVE SOMEWHERE AND SOMETHING,0.0,0.5,0.0,n/a,n/a
20.390096241671856,grab,Picked Up,n/a,n/a,n/a,n/a,n/a
21.681741324251895,release,Did Not Snap,n/a,n/a,n/a,n/a,n/a
22.773592348399855,grab,Picked Up,n/a,n/a,n/a,n/a,n/a
27.148949333371906,release,Snapped!,n/a,n/a,n/a,1.8835646315390135,0.0029845824842193902
27.14907770783479,2,MOVE SOMEWHERE AND SOMETHING,0.0,0.5,0.0,n/a,n/a
30.34089537270331,grab,Picked Up,n/a,n/a,n/a,n/a,n/a
32.274611961064565,release,Did Not Snap,n/a,n/a,n/a,n/a,n/a
34.632963247235054,grab,Picked Up,n/a,n/a,n/a,n/a,n/a
39.84168686455018,release,Snapped!,n/a,n/a,n/a,1.4689036644527642,0.0039036590104463077
39.842063550180704,2,MOVE SOMEWHERE AND SOMETHING,0.0,0.5,0.0,n/a,n/a
43.39205681504163,grab,Picked Up,n/a,n/a,n/a,n/a,n/a
49.40084142529405,release,Snapped!,n/a,n/a,n/a,1.5526657977937066,0.005107710618305868
49.4010153033811,2,MOVE SOMEWHERE AND SOMETHING,0.0,0.5,0.0,n/a,n/a
53.29291496517767,grab,Picked Up,n/a,n/a,n/a,n/a,n/a
59.60163927559436,release,Snapped!,n/a,n/a,n/a,3.16046380499423,0.0064489573398104376
59.60190717441479,2,MOVE SOMEWHERE AND SOMETHING,0.0,0.5,0.0,n/a,n/a
62.585228137392015,grab,Did Not Pick Up,n/a,n/a,n/a,n/a,n/a
63.877122736533714,release,Did Not Snap,n/a,n/a,n/a,n/a,n/a
64.57720413076476,grab,Picked Up,n/a,n/a,n/a,n/a,n/a
67.21053502317521,release,Did Not Snap,n/a,n/a,n/a,n/a,n/a
68.24414442187344,grab,Picked Up,n/a,n/a,n/a,n/a,n/a
74.92796203732081,release,Snapped!,n/a,n/a,n/a,4.022935925038312,0.008447982750261072
74.92812476551319,2,MOVE SOMEWHERE AND SOMETHING,0.0,0.5,0.0,n/a,n/a
77.95332262340749,grab,Picked Up,n/a,n/a,n/a,n/a,n/a
78.85325894846851,release,Did Not Snap,n/a,n/a,n/a,n/a,n/a
79.82033270682979,grab,Picked Up,n/a,n/a,n/a,n/a,n/a
86.1206560236402,release,Snapped!,n/a,n/a,n/a,6.430389041720907,0.012663281109760866
86.12082387475715,2,MOVE SOMEWHERE AND SOMETHING,0.0,0.5,0.0,n/a,n/a
89.37089250687903,grab,Did Not Pick Up,n/a,n/a,n/a,n/a,n/a
90.36255479645867,release,Did Not Snap,n/a,n/a,n/a,n/a,n/a
90.98762783580243,grab,Did Not Pick Up,n/a,n/a,n/a,n/a,n/a
92.03771406667697,release,Did Not Snap,n/a,n/a,n/a,n/a,n/a
92.90460692553106,grab,Picked Up,n/a,n/a,n/a,n/a,n/a
94.14622484154343,release,Did Not Snap,n/a,n/a,n/a,n/a,n/a
95.30498909570437,grab,Picked Up,n/a,n/a,n/a,n/a,n/a
100.98012546343634,release,Snapped!,n/a,n/a,n/a,3.012341739788708,0.015238854643263251
100.98029030106825,2,MOVE SOMEWHERE AND SOMETHING,0.0,0.5,0.0,n/a,n/a
103.93062836888794,grab,Picked Up,n/a,n/a,n/a,n/a,n/a
104.6388735954523,release,Did Not Snap,n/a,n/a,n/a,n/a,n/a
105.68083878548114,grab,Picked Up,n/a,n/a,n/a,n/a,n/a
111.98107862875582,release,Did Not Snap,n/a,n/a,n/a,n/a,n/a
113.03960834337578,grab,Picked Up,n/a,n/a,n/a,n/a,n/a
119.78170284204788,release,Snapped!,n/a,n/a,n/a,1.576860761551497,0.010701489390609619
119.78198128806596,2,MOVE SOMEWHERE AND SOMETHING,0.0,0.5,0.0,n/a,n/a
122.69878258217699,grab,Picked Up,n/a,n/a,n/a,n/a,n/a
123.34035897236544,release,Did Not Snap,n/a,n/a,n/a,n/a,n/a
124.57406799687924,grab,Picked Up,n/a,n/a,n/a,n/a,n/a
130.1576851251666,release,Snapped!,n/a,n/a,n/a,2.8617587791274506,0.012110557818819152
130.1578400182979,2,MOVE SOMEWHERE AND SOMETHING,0.0,0.5,0.0,n/a,n/a
131.16612649947248,FINISHED,FINISHED,n/a,n/a,n/a,n/a,n/a
