timestamp,event,event result,x,y,z,angular offset,positional offset
6.026970088448799e-07,3,MOVE SOMEWHERE AND SOMETHING,0.0,0.0,0.0,n/a,n/a
3.664152817442775,grab,Picked Up,n/a,n/a,n/a,n/a,n/a
6.297500886717974,release,Did Not Snap,n/a,n/a,n/a,n/a,n/a
6.764336127738015,grab,Picked Up,n/a,n/a,n/a,n/a,n/a
7.847711423850589,release,Snapped!,n/a,n/a,n/a,30.36831685091724,0.07568308988388557
7.848449727686424,3,MOVE SOMEWHERE AND SOMETHING,0.0,1.0,0.0,n/a,n/a
10.923042221637607,grab,Picked Up,n/a,n/a,n/a,n/a,n/a
13.731646746023781,release,Snapped!,n/a,n/a,n/a,15.01913390031311,0.05247648056314169
13.731851361658284,3,MOVE SOMEWHERE AND SOMETHING,0.0,0.5,1.0,n/a,n/a
17.95693579197551,grab,Picked Up,n/a,n/a,n/a,n/a,n/a
20.56821159004429,release,Snapped!,n/a,n/a,n/a,6.707852102714522,0.024310450906873147
20.568371606100136,3,MOVE SOMEWHERE AND SOMETHING,0.0,0.5,-0.5,n/a,n/a
23.5184899908601,grab,Picked Up,n/a,n/a,n/a,n/a,n/a
25.651945792225632,release,Snapped!,n/a,n/a,n/a,6.868852321371004,0.02202134756446381
25.65230560233991,3,MOVE SOMEWHERE AND SOMETHING,0.0,0.25,0.0,n/a,n/a
29.927799007779914,grab,Picked Up,n/a,n/a,n/a,n/a,n/a
31.6024734082546,release,Did Not Snap,n/a,n/a,n/a,n/a,n/a
31.86080531771625,grab,Picked Up,n/a,n/a,n/a,n/a,n/a
32.344115582821566,release,Did Not Snap,n/a,n/a,n/a,n/a,n/a
32.919292843545584,grab,Picked Up,n/a,n/a,n/a,n/a,n/a
33.985948420587285,release,Snapped!,n/a,n/a,n/a,21.346013964833617,0.12116040597873204
33.98607589100466,3,MOVE SOMEWHERE AND SOMETHING,-1.0,0.5,0.0,n/a,n/a
38.494827202247336,grab,Picked Up,n/a,n/a,n/a,n/a,n/a
41.26158707600642,release,Snapped!,n/a,n/a,n/a,11.660769003194996,0.01385270173449379
41.261714847772296,3,MOVE SOMEWHERE AND SOMETHING,-0.5,0.5,0.0,n/a,n/a
45.928676233276285,grab,Picked Up,n/a,n/a,n/a,n/a,n/a
47.495437131620285,release,Did Not Snap,n/a,n/a,n/a,n/a,n/a
47.83739777128673,grab,Picked Up,n/a,n/a,n/a,n/a,n/a
48.67054683000961,release,Did Not Snap,n/a,n/a,n/a,n/a,n/a
49.3539980056756,grab,Picked Up,n/a,n/a,n/a,n/a,n/a
51.587435213838404,release,Snapped!,n/a,n/a,n/a,18.094452183350942,0.06390266966318113
51.58756569774082,3,MOVE SOMEWHERE AND SOMETHING,0.0,0.5,0.5,n/a,n/a
54.76290592773603,grab,Picked Up,n/a,n/a,n/a,n/a,n/a
55.66277444938355,release,Did Not Snap,n/a,n/a,n/a,n/a,n/a
55.92122056992837,grab,Picked Up,n/a,n/a,n/a,n/a,n/a
56.85467860127284,release,Did Not Snap,n/a,n/a,n/a,n/a,n/a
57.05519710150954,grab,Picked Up,n/a,n/a,n/a,n/a,n/a
57.54632344277407,release,Did Not Snap,n/a,n/a,n/a,n/a,n/a
57.73804407342416,grab,Picked Up,n/a,n/a,n/a,n/a,n/a
58.238017404081525,release,Did Not Snap,n/a,n/a,n/a,n/a,n/a
58.87146311027216,grab,Picked Up,n/a,n/a,n/a,n/a,n/a
60.054815292954444,release,Did Not Snap,n/a,n/a,n/a,n/a,n/a
60.85497482685268,grab,Picked Up,n/a,n/a,n/a,n/a,n/a
64.03846984872607,release,Snapped!,n/a,n/a,n/a,16.2671449928397,0.03650735062655101
64.0386021407195,3,MOVE SOMEWHERE AND SOMETHING,0.0,0.75,0.0,n/a,n/a
68.03886551931237,grab,Picked Up,n/a,n/a,n/a,n/a,n/a
69.85569354303573,release,Snapped!,n/a,n/a,n/a,3.817198369828655,0.030255895634177483
69.85582010940759,3,MOVE SOMEWHERE AND SOMETHING,1.0,0.5,0.0,n/a,n/a
73.8895850039341,grab,Picked Up,n/a,n/a,n/a,n/a,n/a
77.9563623257716,release,Snapped!,n/a,n/a,n/a,15.539112106508615,0.12260291851166982
77.95649039888598,3,MOVE SOMEWHERE AND SOMETHING,0.5,0.5,0.0,n/a,n/a
81.67340361383154,grab,Picked Up,n/a,n/a,n/a,n/a,n/a
84.16523571329341,release,Snapped!,n/a,n/a,n/a,12.623044760585989,0.04369357401168608
84.1653640877563,3,MOVE SOMEWHERE AND SOMETHING,0.0,0.5,-1.0,n/a,n/a
85.16532852863278,FINISHED,FINISHED,n/a,n/a,n/a,n/a,n/a
