timestamp,event,event result,x,y,z,angular offset,positional offset
6.026970088448799e-07,1,MOVE SOMEWHERE AND SOMETHING,0.0,0.5,-1.0,n/a,n/a
3.828393176626084,grab,Picked Up,n/a,n/a,n/a,n/a,n/a
7.161909729850106,release,Snapped!,n/a,n/a,n/a,7.724110285159074,0.06829984234799519
7.1627414517223125,1,MOVE SOMEWHERE AND SOMETHING,-0.5,0.5,0.0,n/a,n/a
10.553973777255843,grab,Picked Up,n/a,n/a,n/a,n/a,n/a
14.640357435488065,release,Snapped!,n/a,n/a,n/a,12.148172404222217,0.043769160903910434
14.64067867299378,1,MOVE SOMEWHERE AND SOMETHING,0.0,0.5,1.0,n/a,n/a
16.507127042803845,grab,Did Not Pick Up,n/a,n/a,n/a,n/a,n/a
17.098864609239886,release,Did Not Snap,n/a,n/a,n/a,n/a,n/a
17.45729394467302,grab,Picked Up,n/a,n/a,n/a,n/a,n/a
18.857361205659206,release,Snapped!,n/a,n/a,n/a,10.406287355581094,0.04792934470519788
18.857485662591532,1,MOVE SOMEWHERE AND SOMETHING,1.0,0.5,0.0,n/a,n/a
21.441020522737197,grab,Picked Up,n/a,n/a,n/a,n/a,n/a
24.23281793698622,release,Snapped!,n/a,n/a,n/a,7.160758240366459,0.020204714486799117
24.23320215632936,1,MOVE SOMEWHERE AND SOMETHING,0.0,1.0,0.0,n/a,n/a
26.97479611513562,grab,Picked Up,n/a,n/a,n/a,n/a,n/a
28.591476598631214,release,Snapped!,n/a,n/a,n/a,7.3833567741908555,0.019206422147170794
28.59162636883791,1,MOVE SOMEWHERE AND SOMETHING,0.0,0.75,0.0,n/a,n/a
31.333713635145916,grab,Picked Up,n/a,n/a,n/a,n/a,n/a
32.90018584162268,release,Snapped!,n/a,n/a,n/a,2.045283444683259,0.037692850702071165
32.90088949038051,1,MOVE SOMEWHERE AND SOMETHING,0.0,0.5,0.5,n/a,n/a
35.87580735031191,grab,Picked Up,n/a,n/a,n/a,n/a,n/a
37.53398171477545,release,Snapped!,n/a,n/a,n/a,3.220842180981664,0.046541514406765495
37.53410918519282,1,MOVE SOMEWHERE AND SOMETHING,0.5,0.5,0.0,n/a,n/a
40.55924436259819,grab,Picked Up,n/a,n/a,n/a,n/a,n/a
41.934304217944884,release,Snapped!,n/a,n/a,n/a,12.024939143011599,0.061839667111131126
41.934440728817385,1,MOVE SOMEWHERE AND SOMETHING,0.0,0.5,-0.5,n/a,n/a
44.559574640559035,grab,Picked Up,n/a,n/a,n/a,n/a,n/a
46.0596639903906,release,Snapped!,n/a,n/a,n/a,7.987992985023513,0.03318121419925363
46.05978814597442,1,MOVE SOMEWHERE AND SOMETHING,0.0,0.0,0.0,n/a,n/a
49.001639034515556,grab,Picked Up,n/a,n/a,n/a,n/a,n/a
52.076842663233705,release,Snapped!,n/a,n/a,n/a,18.755721869304757,0.10640838165133162
52.07696621612052,1,MOVE SOMEWHERE AND SOMETHING,-1.0,0.5,0.0,n/a,n/a
54.427130767471354,grab,Picked Up,n/a,n/a,n/a,n/a,n/a
57.744040305965164,release,Snapped!,n/a,n/a,n/a,5.103420915777992,0.016968032669754766
57.74419791123297,1,MOVE SOMEWHERE AND SOMETHING,0.0,0.25,0.0,n/a,n/a
58.75236867458189,FINISHED,FINISHED,n/a,n/a,n/a,n/a,n/a
