timestamp,event,event result,x,y,z,angular offset,positional offset
6.026970088448799e-07,3,MOVE SOMEWHERE AND SOMETHING,0.0,0.0,0.0,n/a,n/a
2.4648656271951355,grab,Picked Up,n/a,n/a,n/a,n/a,n/a
3.81493917129764,release,Did Not Snap,n/a,n/a,n/a,n/a,n/a
4.740339746330856,grab,Picked Up,n/a,n/a,n/a,n/a,n/a
7.156910960858747,release,Did Not Snap,n/a,n/a,n/a,n/a,n/a
7.998720775598727,grab,Picked Up,n/a,n/a,n/a,n/a,n/a
9.957146735928607,release,Snapped!,n/a,n/a,n/a,6.4912860858782,0.025083771109676446
9.958060424594017,3,MOVE SOMEWHERE AND SOMETHING,0.0,1.0,0.0,n/a,n/a
12.740788454253941,grab,Picked Up,n/a,n/a,n/a,n/a,n/a
13.699179156808803,release,Did Not Snap,n/a,n/a,n/a,n/a,n/a
14.6492930213412,grab,Picked Up,n/a,n/a,n/a,n/a,n/a
15.682600468838004,release,Did Not Snap,n/a,n/a,n/a,n/a,n/a
16.099391065077114,grab,Picked Up,n/a,n/a,n/a,n/a,n/a
18.47460129332751,release,Snapped!,n/a,n/a,n/a,10.426112524961313,0.03115015497951131
18.474764925565413,3,MOVE SOMEWHERE AND SOMETHING,0.0,0.5,1.0,n/a,n/a
22.058260309056998,grab,Picked Up,n/a,n/a,n/a,n/a,n/a
24.241740564853664,release,Snapped!,n/a,n/a,n/a,8.88077193939039,0.03733502799764963
24.241865925831505,3,MOVE SOMEWHERE AND SOMETHING,0.0,0.5,-0.5,n/a,n/a
27.46147515517188,grab,Picked Up,n/a,n/a,n/a,n/a,n/a
30.428284932243294,release,Snapped!,n/a,n/a,n/a,11.13956577726595,0.043448849825348454
30.428650769327664,3,MOVE SOMEWHERE AND SOMETHING,0.0,0.25,0.0,n/a,n/a
33.12883703283825,grab,Picked Up,n/a,n/a,n/a,n/a,n/a
34.05375273812785,release,Did Not Snap,n/a,n/a,n/a,n/a,n/a
34.53707475582484,grab,Picked Up,n/a,n/a,n/a,n/a,n/a
35.895449245830164,release,Snapped!,n/a,n/a,n/a,42.464270676458256,0.03823378276488886
35.89558003108108,3,MOVE SOMEWHERE AND SOMETHING,-1.0,0.5,0.0,n/a,n/a
39.612507710754855,grab,Picked Up,n/a,n/a,n/a,n/a,n/a
40.97088883042728,release,Did Not Snap,n/a,n/a,n/a,n/a,n/a
41.52158815483407,grab,Picked Up,n/a,n/a,n/a,n/a,n/a
42.32927055279671,release,Did Not Snap,n/a,n/a,n/a,n/a,n/a
42.54622791529817,grab,Picked Up,n/a,n/a,n/a,n/a,n/a
44.04634438649513,release,Snapped!,n/a,n/a,n/a,30.775255477479362,0.04673532081929866
44.04647939062511,3,MOVE SOMEWHERE AND SOMETHING,-0.5,0.5,0.0,n/a,n/a
44.2794455910755,grab,Did Not Pick Up,n/a,n/a,n/a,n/a,n/a
44.654481037193335,release,Did Not Snap,n/a,n/a,n/a,n/a,n/a
47.879862898484426,grab,Picked Up,n/a,n/a,n/a,n/a,n/a
48.93820276354659,release,Did Not Snap,n/a,n/a,n/a,n/a,n/a
49.72171158718148,grab,Picked Up,n/a,n/a,n/a,n/a,n/a
50.413346484182064,release,Did Not Snap,n/a,n/a,n/a,n/a,n/a
51.155134511425175,grab,Picked Up,n/a,n/a,n/a,n/a,n/a
51.59676375814131,release,Did Not Snap,n/a,n/a,n/a,n/a,n/a
51.988717210645916,grab,Picked Up,n/a,n/a,n/a,n/a,n/a
52.49681851316456,release,Did Not Snap,n/a,n/a,n/a,n/a,n/a
54.10539061245166,grab,Picked Up,n/a,n/a,n/a,n/a,n/a
54.61367513486099,release,Did Not Snap,n/a,n/a,n/a,n/a,n/a
54.8304110062117,grab,Picked Up,n/a,n/a,n/a,n/a,n/a
55.6553917123737,release,Did Not Snap,n/a,n/a,n/a,n/a,n/a
56.197241033902614,grab,Picked Up,n/a,n/a,n/a,n/a,n/a
58.53904949257432,release,Snapped!,n/a,n/a,n/a,7.760923182803716,0.11626541790226484
58.539174552203654,3,MOVE SOMEWHERE AND SOMETHING,0.0,0.5,0.5,n/a,n/a
61.9311707961959,grab,Picked Up,n/a,n/a,n/a,n/a,n/a
63.64779863410777,release,Snapped!,n/a,n/a,n/a,27.10581527837542,0.11506592194508193
63.64796075960315,3,MOVE SOMEWHERE AND SOMETHING,0.0,0.75,0.0,n/a,n/a
67.2148479229705,grab,Picked Up,n/a,n/a,n/a,n/a,n/a
69.60663804458572,release,Snapped!,n/a,n/a,n/a,11.81290305815063,0.04880629661698648
69.60676491230608,3,MOVE SOMEWHERE AND SOMETHING,1.0,0.5,0.0,n/a,n/a
72.5152598362412,grab,Picked Up,n/a,n/a,n/a,n/a,n/a
76.49051430245204,release,Did Not Snap,n/a,n/a,n/a,n/a,n/a
76.75734875996598,grab,Picked Up,n/a,n/a,n/a,n/a,n/a
77.69062447546526,release,Snapped!,n/a,n/a,n/a,6.411932708533834,0.13112454932865877
77.69101140694494,3,MOVE SOMEWHERE AND SOMETHING,0.5,0.5,0.0,n/a,n/a
80.5492826850875,grab,Picked Up,n/a,n/a,n/a,n/a,n/a
82.86610573656054,release,Snapped!,n/a,n/a,n/a,14.827294548681028,0.05627875435467267
82.866375443472,3,MOVE SOMEWHERE AND SOMETHING,0.0,0.5,-1.0,n/a,n/a
83.87474660357634,FINISHED,FINISHED,n/a,n/a,n/a,n/a,n/a
