timestamp,event,event result,x,y,z,angular offset,positional offset
6.026970088448799e-07,2,MOVE SOMEWHERE AND SOMETHING,0.0,0.5,0.0,n/a,n/a
2.7963761034252177,grab,Picked Up,n/a,n/a,n/a,n/a,n/a
5.138263515405086,release,Snapped!,n/a,n/a,n/a,3.148920888549368,0.028561123024237745
5.138784245620728,2,MOVE SOMEWHERE AND SOMETHING,0.0,0.5,0.0,n/a,n/a
7.930116679127427,grab,Did Not Pick Up,n/a,n/a,n/a,n/a,n/a
8.371923721461167,release,Did Not Snap,n/a,n/a,n/a,n/a,n/a
8.522026616908002,grab,Picked Up,n/a,n/a,n/a,n/a,n/a
10.380462129985473,release,Snapped!,n/a,n/a,n/a,6.265201928028253,0.044128760306092536
10.380617625813754,2,MOVE SOMEWHERE AND SOMETHING,0.0,0.5,0.0,n/a,n/a
13.122245335652511,grab,Picked Up,n/a,n/a,n/a,n/a,n/a
15.205725501044624,release,Did Not Snap,n/a,n/a,n/a,n/a,n/a
16.155791752513323,grab,Did Not Pick Up,n/a,n/a,n/a,n/a,n/a
16.639161985971022,release,Did Not Snap,n/a,n/a,n/a,n/a,n/a
17.25591690254721,grab,Picked Up,n/a,n/a,n/a,n/a,n/a
19.4228272094797,release,Snapped!,n/a,n/a,n/a,5.128083377377252,0.028905703765877696
19.42304056422083,2,MOVE SOMEWHERE AND SOMETHING,0.0,0.5,0.0,n/a,n/a
23.31507402475337,grab,Picked Up,n/a,n/a,n/a,n/a,n/a
24.54826141500601,release,Did Not Snap,n/a,n/a,n/a,n/a,n/a
25.648446533392278,grab,Picked Up,n/a,n/a,n/a,n/a,n/a
26.673493717034358,release,Snapped!,n/a,n/a,n/a,44.622219502733294,0.1003181385354227
26.67362540633079,2,MOVE SOMEWHERE AND SOMETHING,0.0,0.5,0.0,n/a,n/a
29.743216720502577,grab,Picked Up,n/a,n/a,n/a,n/a,n/a
31.476561264000274,release,Snapped!,n/a,n/a,n/a,12.130130669919799,0.056804942118524424
31.47668752902363,2,MOVE SOMEWHERE AND SOMETHING,0.0,0.5,0.0,n/a,n/a
34.63520256797142,grab,Picked Up,n/a,n/a,n/a,n/a,n/a
36.918719678690174,release,Snapped!,n/a,n/a,n/a,4.21993608950987,0.019163274188222473
36.91884865585006,2,MOVE SOMEWHERE AND SOMETHING,0.0,0.5,0.0,n/a,n/a
40.06066024854622,grab,Picked Up,n/a,n/a,n/a,n/a,n/a
42.33585411357283,release,Snapped!,n/a,n/a,n/a,9.299738428122492,0.032859830700474824
42.336515573540034,2,MOVE SOMEWHERE AND SOMETHING,0.0,0.5,0.0,n/a,n/a
45.76132656022435,grab,Picked Up,n/a,n/a,n/a,n/a,n/a
47.51955917535379,release,Snapped!,n/a,n/a,n/a,9.753100446931812,0.04878361140623363
47.5197167806216,2,MOVE SOMEWHERE AND SOMETHING,0.0,0.5,0.0,n/a,n/a
50.65349381949285,grab,Picked Up,n/a,n/a,n/a,n/a,n/a
52.68671930019645,release,Snapped!,n/a,n/a,n/a,3.968515454002573,0.02455282754809941
52.68685309893241,2,MOVE SOMEWHERE AND SOMETHING,0.0,0.5,0.0,n/a,n/a
55.645366148980074,grab,Picked Up,n/a,n/a,n/a,n/a,n/a
57.41209076496414,release,Did Not Snap,n/a,n/a,n/a,n/a,n/a
58.17890608684804,grab,Picked Up,n/a,n/a,n/a,n/a,n/a
59.11224086665419,release,Did Not Snap,n/a,n/a,n/a,n/a,n/a
59.529042010090954,grab,Picked Up,n/a,n/a,n/a,n/a,n/a
60.42902986574623,release,Did Not Snap,n/a,n/a,n/a,n/a,n/a
61.521120461955206,grab,Picked Up,n/a,n/a,n/a,n/a,n/a
65.47114904486085,release,Did Not Snap,n/a,n/a,n/a,n/a,n/a
66.40458598181,grab,Picked Up,n/a,n/a,n/a,n/a,n/a
67.91308446165748,release,Snapped!,n/a,n/a,n/a,21.572519051971923,0.047360712763729926
67.91420638213944,2,MOVE SOMEWHERE AND SOMETHING,0.0,0.5,0.0,n/a,n/a
71.06349021235125,grab,Picked Up,n/a,n/a,n/a,n/a,n/a
72.75501873332978,release,Snapped!,n/a,n/a,n/a,7.057952268121348,0.03865147282791814
72.75516579139993,2,MOVE SOMEWHERE AND SOMETHING,0.0,0.5,0.0,n/a,n/a
73.75515916173283,FINISHED,FINISHED,n/a,n/a,n/a,n/a,n/a
