timestamp,event,event result,x,y,z,angular offset,positional offset
6.026970088448799e-07,1,MOVE SOMEWHERE AND SOMETHING,0.0,0.5,-1.0,n/a,n/a
13.474531380474485,grab,Picked Up,n/a,n/a,n/a,n/a,n/a
16.869053527630793,release,Snapped!,n/a,n/a,n/a,2.30664815488484,0.008197102008993741
16.87043581322058,1,MOVE SOMEWHERE AND SOMETHING,-0.5,0.5,0.0,n/a,n/a
19.552939850537168,grab,Picked Up,n/a,n/a,n/a,n/a,n/a
22.736181739666836,release,Snapped!,n/a,n/a,n/a,2.466032144443205,0.03854823616311097
22.73630951143271,1,MOVE SOMEWHERE AND SOMETHING,0.0,0.5,1.0,n/a,n/a
25.569781013055323,grab,Picked Up,n/a,n/a,n/a,n/a,n/a
28.053306742341302,release,Snapped!,n/a,n/a,n/a,4.5986509740694395,0.05696162581185694
28.053431500622136,1,MOVE SOMEWHERE AND SOMETHING,1.0,0.5,0.0,n/a,n/a
31.670355775057807,grab,Picked Up,n/a,n/a,n/a,n/a,n/a
35.945697602200084,release,Snapped!,n/a,n/a,n/a,9.905669057041912,0.04783245795930038
35.94582356587493,1,MOVE SOMEWHERE AND SOMETHING,0.0,1.0,0.0,n/a,n/a
38.679320290367365,grab,Picked Up,n/a,n/a,n/a,n/a,n/a
40.35989569725565,release,Snapped!,n/a,n/a,n/a,10.04973839010953,0.10426101148142423
40.36004637150786,1,MOVE SOMEWHERE AND SOMETHING,0.0,0.75,0.0,n/a,n/a
43.73525328492471,grab,Picked Up,n/a,n/a,n/a,n/a,n/a
45.16032222592881,release,Snapped!,n/a,n/a,n/a,2.993706846850516,0.01737588309610164
45.160478625802604,1,MOVE SOMEWHERE AND SOMETHING,0.0,0.5,0.5,n/a,n/a
48.59428848152598,grab,Picked Up,n/a,n/a,n/a,n/a,n/a
50.81920747151428,release,Snapped!,n/a,n/a,n/a,4.357556748765458,0.008381958341152672
50.81935543362995,1,MOVE SOMEWHERE AND SOMETHING,0.5,0.5,0.0,n/a,n/a
54.06117404774626,grab,Picked Up,n/a,n/a,n/a,n/a,n/a
56.18067982414507,release,Snapped!,n/a,n/a,n/a,2.6357076560351684,0.030272697151940413
56.1808045824259,1,MOVE SOMEWHERE AND SOMETHING,0.0,0.5,-0.5,n/a,n/a
58.8559982063737,grab,Picked Up,n/a,n/a,n/a,n/a,n/a
61.68943294347877,release,Snapped!,n/a,n/a,n/a,1.428840642869614,0.023532097577404643
61.689557701759604,1,MOVE SOMEWHERE AND SOMETHING,0.0,0.0,0.0,n/a,n/a
64.86523694882229,grab,Picked Up,n/a,n/a,n/a,n/a,n/a
67.10660112939392,release,Snapped!,n/a,n/a,n/a,4.382888873694589,0.03909963911294933
67.10672649037177,1,MOVE SOMEWHERE AND SOMETHING,-1.0,0.5,0.0,n/a,n/a
70.33197515562391,grab,Picked Up,n/a,n/a,n/a,n/a,n/a
72.6987702268883,release,Snapped!,n/a,n/a,n/a,3.535515905752,0.027670559021564373
72.69892813350462,1,MOVE SOMEWHERE AND SOMETHING,0.0,0.25,0.0,n/a,n/a
73.69880518331482,FINISHED,FINISHED,n/a,n/a,n/a,n/a,n/a
