timestamp,event,event result,x,y,z,angular offset,positional offset
6.026970088448799e-07,2,MOVE SOMEWHERE AND SOMETHING,0.0,0.5,0.0,n/a,n/a
2.777065992610332,grab,Picked Up,n/a,n/a,n/a,n/a,n/a
3.635368610997352,release,Snapped!,n/a,n/a,n/a,8.457939884629697,0.05487752724986425
3.6361177633793464,2,MOVE SOMEWHERE AND SOMETHING,0.0,0.5,0.0,n/a,n/a
6.302345666623574,grab,Picked Up,n/a,n/a,n/a,n/a,n/a
7.427329657484276,release,Snapped!,n/a,n/a,n/a,25.240531534566518,0.09125094729095387
7.427459840038187,2,MOVE SOMEWHERE AND SOMETHING,0.0,0.5,0.0,n/a,n/a
10.394557103582823,grab,Picked Up,n/a,n/a,n/a,n/a,n/a
12.705532487327542,release,Snapped!,n/a,n/a,n/a,7.1051364237160755,0.017200428840327152
12.70565845100239,2,MOVE SOMEWHERE AND SOMETHING,0.0,0.5,0.0,n/a,n/a
15.822757959593384,grab,Picked Up,n/a,n/a,n/a,n/a,n/a
18.180970926800338,release,Snapped!,n/a,n/a,n/a,11.649158323482817,0.13247978565831933
18.181120697007035,2,MOVE SOMEWHERE AND SOMETHING,0.0,0.5,0.0,n/a,n/a
21.80634049307245,grab,Picked Up,n/a,n/a,n/a,n/a,n/a
23.306439486056153,release,Snapped!,n/a,n/a,n/a,7.635520145029033,0.027886369733757754
23.306610652006665,2,MOVE SOMEWHERE AND SOMETHING,0.0,0.5,0.0,n/a,n/a
27.448566289287935,grab,Picked Up,n/a,n/a,n/a,n/a,n/a
29.323579887639198,release,Snapped!,n/a,n/a,n/a,6.912593084814036,0.03012535270135146
29.32370615266255,2,MOVE SOMEWHERE AND SOMETHING,0.0,0.5,0.0,n/a,n/a
33.67406748458678,grab,Picked Up,n/a,n/a,n/a,n/a,n/a
35.44907737635143,release,Snapped!,n/a,n/a,n/a,17.851702875690272,0.04893082844298709
35.44920364137479,2,MOVE SOMEWHERE AND SOMETHING,0.0,0.5,0.0,n/a,n/a
39.68290242003943,grab,Picked Up,n/a,n/a,n/a,n/a,n/a
42.983144372753635,release,Snapped!,n/a,n/a,n/a,8.145153881260606,0.024876566854817574
42.98328299306567,2,MOVE SOMEWHERE AND SOMETHING,0.0,0.5,0.0,n/a,n/a
47.0252056929554,grab,Picked Up,n/a,n/a,n/a,n/a,n/a
49.02538168048199,release,Did Not Snap,n/a,n/a,n/a,n/a,n/a
49.433681782609,grab,Picked Up,n/a,n/a,n/a,n/a,n/a
50.57545781618163,release,Did Not Snap,n/a,n/a,n/a,n/a,n/a
51.09238832853134,grab,Picked Up,n/a,n/a,n/a,n/a,n/a
51.84222959320664,release,Snapped!,n/a,n/a,n/a,15.415988904165454,0.06400034461758398
51.84283801583707,2,MOVE SOMEWHERE AND SOMETHING,0.0,0.5,0.0,n/a,n/a
54.99272544710324,grab,Picked Up,n/a,n/a,n/a,n/a,n/a
56.06764761631826,release,Snapped!,n/a,n/a,n/a,24.706902202375883,0.09447282345065729
56.06780341349505,2,MOVE SOMEWHERE AND SOMETHING,0.0,0.5,0.0,n/a,n/a
56.2343159404017,grab,Picked Up,n/a,n/a,n/a,n/a,n/a
56.65089016841464,release,Snapped!,n/a,n/a,n/a,13.374213945711864,0.08494108886248157
56.65101884422603,2,MOVE SOMEWHERE AND SOMETHING,0.0,0.5,0.0,n/a,n/a
57.65099383230016,FINISHED,FINISHED,n/a,n/a,n/a,n/a,n/a
