timestamp,event,event result,x,y,z,angular offset,positional offset
6.026970088448799e-07,1,MOVE SOMEWHERE AND SOMETHING,0.0,0.5,-1.0,n/a,n/a
4.412121502511589,grab,Picked Up,n/a,n/a,n/a,n/a,n/a
6.6788296950021655,release,Snapped!,n/a,n/a,n/a,4.212284036192444,0.018087920299181583
6.679832281476378,1,MOVE SOMEWHERE AND SOMETHING,-0.5,0.5,0.0,n/a,n/a
9.812467209515862,grab,Picked Up,n/a,n/a,n/a,n/a,n/a
14.123839770589411,release,Snapped!,n/a,n/a,n/a,6.681710207410307,0.02998244508057018
14.123964830218746,1,MOVE SOMEWHERE AND SOMETHING,0.0,0.5,1.0,n/a,n/a
18.182734719596723,grab,Picked Up,n/a,n/a,n/a,n/a,n/a
20.207919619505326,release,Snapped!,n/a,n/a,n/a,5.799362982310348,0.0347108678729975
20.208103140744516,1,MOVE SOMEWHERE AND SOMETHING,1.0,0.5,0.0,n/a,n/a
22.291181005883228,grab,Did Not Pick Up,n/a,n/a,n/a,n/a,n/a
22.98300695783562,release,Did Not Snap,n/a,n/a,n/a,n/a,n/a
23.188598057447273,grab,Picked Up,n/a,n/a,n/a,n/a,n/a
27.130525789857032,release,Snapped!,n/a,n/a,n/a,7.100674494375828,0.020041609009060837
27.130674053321208,1,MOVE SOMEWHERE AND SOMETHING,0.0,1.0,0.0,n/a,n/a
29.322306991556516,grab,Did Not Pick Up,n/a,n/a,n/a,n/a,n/a
29.838978042843923,release,Did Not Snap,n/a,n/a,n/a,n/a,n/a
29.97245825343831,grab,Picked Up,n/a,n/a,n/a,n/a,n/a
31.980927653155103,release,Snapped!,n/a,n/a,n/a,9.542478809942367,0.0321526326336498
31.981055726269485,1,MOVE SOMEWHERE AND SOMETHING,0.0,0.75,0.0,n/a,n/a
35.25629178008671,grab,Picked Up,n/a,n/a,n/a,n/a,n/a
37.64812258375002,release,Snapped!,n/a,n/a,n/a,2.885342893063949,0.01217607390323804
37.6482503555159,1,MOVE SOMEWHERE AND SOMETHING,0.0,0.5,0.5,n/a,n/a
40.65112823373313,grab,Picked Up,n/a,n/a,n/a,n/a,n/a
42.71795256593731,release,Snapped!,n/a,n/a,n/a,6.049797316855655,0.02440839180957416
42.71808576197627,1,MOVE SOMEWHERE AND SOMETHING,0.5,0.5,0.0,n/a,n/a
45.568245943773796,grab,Picked Up,n/a,n/a,n/a,n/a,n/a
47.04333120279941,release,Snapped!,n/a,n/a,n/a,14.297167858146697,0.08755297382929648
47.04347976761209,1,MOVE SOMEWHERE AND SOMETHING,0.0,0.5,-0.5,n/a,n/a
49.6853529860774,grab,Picked Up,n/a,n/a,n/a,n/a,n/a
51.44365219922632,release,Snapped!,n/a,n/a,n/a,13.67473762852256,0.06590748301124501
51.44377966964369,1,MOVE SOMEWHERE AND SOMETHING,0.0,0.0,0.0,n/a,n/a
53.86061516680996,grab,Picked Up,n/a,n/a,n/a,n/a,n/a
55.885748536124304,release,Snapped!,n/a,n/a,n/a,6.229718324735541,0.05690805300892327
55.885878718678214,1,MOVE SOMEWHERE AND SOMETHING,-1.0,0.5,0.0,n/a,n/a
58.48594706451902,grab,Picked Up,n/a,n/a,n/a,n/a,n/a
61.319466781902335,release,Snapped!,n/a,n/a,n/a,4.385572230118798,0.026439310923348707
61.319595457713724,1,MOVE SOMEWHERE AND SOMETHING,0.0,0.25,0.0,n/a,n/a
62.328022668639896,FINISHED,FINISHED,n/a,n/a,n/a,n/a,n/a
