timestamp,event,event result,x,y,z,angular offset,positional offset
9.0404551326732e-07,2,MOVE SOMEWHERE AND SOMETHING,0.0,0.5,0.0,n/a,n/a
2.7147058371506656,grab,Picked Up,n/a,n/a,n/a,n/a,n/a
3.681635249578338,release,Snapped!,n/a,n/a,n/a,7.116295908484731,0.030186058570830503
3.682311475622262,2,MOVE SOMEWHERE AND SOMETHING,0.0,0.5,0.0,n/a,n/a
6.415081950219035,grab,Picked Up,n/a,n/a,n/a,n/a,n/a
7.506815749798775,release,Snapped!,n/a,n/a,n/a,10.466550736940702,0.024989355403188692
7.506976669900136,2,MOVE SOMEWHERE AND SOMETHING,0.0,0.5,0.0,n/a,n/a
10.682254219406422,grab,Picked Up,n/a,n/a,n/a,n/a,n/a
12.801633429433371,release,Snapped!,n/a,n/a,n/a,13.500753805695178,0.0686237025157485
12.801758489062706,2,MOVE SOMEWHERE AND SOMETHING,0.0,0.5,0.0,n/a,n/a
15.67696705989633,grab,Picked Up,n/a,n/a,n/a,n/a,n/a
17.668722466163835,release,Did Not Snap,n/a,n/a,n/a,n/a,n/a
18.21887845921715,grab,Picked Up,n/a,n/a,n/a,n/a,n/a
19.410612650549947,release,Did Not Snap,n/a,n/a,n/a,n/a,n/a
19.86897547836815,grab,Picked Up,n/a,n/a,n/a,n/a,n/a
20.95261626251312,release,Did Not Snap,n/a,n/a,n/a,n/a,n/a
21.4776259282664,grab,Picked Up,n/a,n/a,n/a,n/a,n/a
22.444127425817793,release,Snapped!,n/a,n/a,n/a,9.705488844820842,0.05205251827925212
22.44430431738989,2,MOVE SOMEWHERE AND SOMETHING,0.0,0.5,0.0,n/a,n/a
25.16113405879972,grab,Picked Up,n/a,n/a,n/a,n/a,n/a
26.89447980769144,release,Snapped!,n/a,n/a,n/a,16.134834303406926,0.0635215416545117
26.89519520904094,2,MOVE SOMEWHERE AND SOMETHING,0.0,0.5,0.0,n/a,n/a
30.02097566399883,grab,Picked Up,n/a,n/a,n/a,n/a,n/a
32.17011605232254,release,Snapped!,n/a,n/a,n/a,7.164605344137142,0.021764745921549446
32.17024563217944,2,MOVE SOMEWHERE AND SOMETHING,0.0,0.5,0.0,n/a,n/a
35.486981292586194,grab,Picked Up,n/a,n/a,n/a,n/a,n/a
37.23705429426139,release,Snapped!,n/a,n/a,n/a,17.707038238509128,0.1354630281749292
37.237388489752796,2,MOVE SOMEWHERE AND SOMETHING,0.0,0.5,0.0,n/a,n/a
40.73763815698871,grab,Picked Up,n/a,n/a,n/a,n/a,n/a
41.8707778437731,release,Snapped!,n/a,n/a,n/a,15.25963685602788,0.050298214238932784
41.870922792403725,2,MOVE SOMEWHERE AND SOMETHING,0.0,0.5,0.0,n/a,n/a
44.57110423433824,grab,Picked Up,n/a,n/a,n/a,n/a,n/a
48.77988329977818,release,Snapped!,n/a,n/a,n/a,34.93679424541257,0.07376377439182719
48.780008962104525,2,MOVE SOMEWHERE AND SOMETHING,0.0,0.5,0.0,n/a,n/a
51.93004224604684,grab,Picked Up,n/a,n/a,n/a,n/a,n/a
55.271917604086525,release,Did Not Snap,n/a,n/a,n/a,n/a,n/a
55.880400805564825,grab,Picked Up,n/a,n/a,n/a,n/a,n/a
56.83036670798155,release,Snapped!,n/a,n/a,n/a,13.67189419798107,0.10953429769395182
56.83048965817135,2,MOVE SOMEWHERE AND SOMETHING,0.0,0.5,0.0,n/a,n/a
60.60578944719726,grab,Picked Up,n/a,n/a,n/a,n/a,n/a
63.080995848321656,release,Snapped!,n/a,n/a,n/a,25.330021021295313,0.09814755017304662
63.081123318739024,2,MOVE SOMEWHERE AND SOMETHING,0.0,0.5,0.0,n/a,n/a
64.08936580303198,FINISHED,FINISHED,n/a,n/a,n/a,n/a,n/a
