timestamp,event,event result,x,y,z,angular offset,positional offset
9.0404551326732e-07,3,MOVE SOMEWHERE AND SOMETHING,0.0,0.0,0.0,n/a,n/a
3.1956869796653042,grab,Picked Up,n/a,n/a,n/a,n/a,n/a
4.045736265213202,release,Did Not Snap,n/a,n/a,n/a,n/a,n/a
4.68764474145353,grab,Picked Up,n/a,n/a,n/a,n/a,n/a
5.845884046519771,release,Did Not Snap,n/a,n/a,n/a,n/a,n/a
6.454361221027978,grab,Picked Up,n/a,n/a,n/a,n/a,n/a
7.454361522376482,release,Did Not Snap,n/a,n/a,n/a,n/a,n/a
7.962863618406005,grab,Picked Up,n/a,n/a,n/a,n/a,n/a
11.38247212450997,release,Did Not Snap,n/a,n/a,n/a,n/a,n/a
12.232629292822452,grab,Picked Up,n/a,n/a,n/a,n/a,n/a
12.682602578277534,release,Did Not Snap,n/a,n/a,n/a,n/a,n/a
13.191072731365589,grab,Picked Up,n/a,n/a,n/a,n/a,n/a
15.266122370997978,release,Snapped!,n/a,n/a,n/a,21.20982062166404,0.11948943448215783
15.26680040513293,3,MOVE SOMEWHERE AND SOMETHING,0.0,1.0,0.0,n/a,n/a
18.833289788474445,grab,Picked Up,n/a,n/a,n/a,n/a,n/a
22.475089477904675,release,Snapped!,n/a,n/a,n/a,8.237305869882075,0.01493569526180414
22.47521574292803,3,MOVE SOMEWHERE AND SOMETHING,0.0,0.5,1.0,n/a,n/a
26.78391323332782,grab,Picked Up,n/a,n/a,n/a,n/a,n/a
31.701032450111,release,Snapped!,n/a,n/a,n/a,5.882385892154131,0.05977460803116186
31.70154745470506,3,MOVE SOMEWHERE AND SOMETHING,0.0,0.5,-0.5,n/a,n/a
34.901258340949916,grab,Picked Up,n/a,n/a,n/a,n/a,n/a
36.659617522451214,release,Snapped!,n/a,n/a,n/a,8.825822119685284,0.04132892086653437
36.65974680095962,3,MOVE SOMEWHERE AND SOMETHING,0.0,0.25,0.0,n/a,n/a
40.04346409748986,grab,Picked Up,n/a,n/a,n/a,n/a,n/a
41.25163895917843,release,Did Not Snap,n/a,n/a,n/a,n/a,n/a
41.91012823282909,grab,Picked Up,n/a,n/a,n/a,n/a,n/a
43.61022650257638,release,Snapped!,n/a,n/a,n/a,34.82198826988836,0.04206333167318285
43.61057636819001,3,MOVE SOMEWHERE AND SOMETHING,-1.0,0.5,0.0,n/a,n/a
47.34394953979563,grab,Picked Up,n/a,n/a,n/a,n/a,n/a
49.477407450600694,release,Did Not Snap,n/a,n/a,n/a,n/a,n/a
49.79417836878247,grab,Picked Up,n/a,n/a,n/a,n/a,n/a
50.585821492597226,release,Snapped!,n/a,n/a,n/a,41.81376119462234,0.13335179005762085
50.58595016840861,3,MOVE SOMEWHERE AND SOMETHING,-0.5,0.5,0.0,n/a,n/a
50.85249050978222,grab,Did Not Pick Up,n/a,n/a,n/a,n/a,n/a
51.21089483328949,release,Did Not Snap,n/a,n/a,n/a,n/a,n/a
52.752613972264484,grab,Did Not Pick Up,n/a,n/a,n/a,n/a,n/a
52.94430386536713,release,Did Not Snap,n/a,n/a,n/a,n/a,n/a
54.54453011782425,grab,Picked Up,n/a,n/a,n/a,n/a,n/a
56.71139793461762,release,Did Not Snap,n/a,n/a,n/a,n/a,n/a
57.31139275142334,grab,Picked Up,n/a,n/a,n/a,n/a,n/a
58.63651132452612,release,Snapped!,n/a,n/a,n/a,8.784301067263042,0.0442813496378987
58.63671111858456,3,MOVE SOMEWHERE AND SOMETHING,0.0,0.5,0.5,n/a,n/a
62.09543405786554,grab,Picked Up,n/a,n/a,n/a,n/a,n/a
63.52026011197508,release,Did Not Snap,n/a,n/a,n/a,n/a,n/a
63.90369745574471,grab,Picked Up,n/a,n/a,n/a,n/a,n/a
64.5619233508025,release,Did Not Snap,n/a,n/a,n/a,n/a,n/a
65.00381627746,grab,Picked Up,n/a,n/a,n/a,n/a,n/a
68.45394536009188,release,Snapped!,n/a,n/a,n/a,33.92022335438579,0.04545673126080596
68.4540770493883,3,MOVE SOMEWHERE AND SOMETHING,0.0,0.75,0.0,n/a,n/a
71.7126021232413,grab,Picked Up,n/a,n/a,n/a,n/a,n/a
72.87936687884614,release,Snapped!,n/a,n/a,n/a,14.638581685196295,0.04062284285016497
72.87949495196052,3,MOVE SOMEWHERE AND SOMETHING,1.0,0.5,0.0,n/a,n/a
76.10469389470944,grab,Picked Up,n/a,n/a,n/a,n/a,n/a
80.06328348727722,release,Did Not Snap,n/a,n/a,n/a,n/a,n/a
80.74677835847635,grab,Picked Up,n/a,n/a,n/a,n/a,n/a
82.20519482632834,release,Snapped!,n/a,n/a,n/a,10.569698900015279,0.05867093907386688
82.20553504878983,3,MOVE SOMEWHERE AND SOMETHING,0.5,0.5,0.0,n/a,n/a
85.67221358858757,grab,Picked Up,n/a,n/a,n/a,n/a,n/a
88.91405932406927,release,Snapped!,n/a,n/a,n/a,4.7384513442131455,0.030437321795934846
88.91418679448665,3,MOVE SOMEWHERE AND SOMETHING,0.0,0.5,-1.0,n/a,n/a
89.91420819023047,FINISHED,FINISHED,n/a,n/a,n/a,n/a,n/a
