timestamp,event,event result,x,y,z,angular offset,positional offset
99.33680818293783,2,MOVE SOMEWHERE AND SOMETHING,0.0,0.5,0.0,n/a,n/a
107.99271037967802,grab,Picked Up,n/a,n/a,n/a,n/a,n/a
130.94644494649106,release,Snapped!,n/a,n/a,n/a,3.481329638330154,0.0025097954695505937
130.94728420207588,2,MOVE SOMEWHERE AND SOMETHING,0.0,0.5,0.0,n/a,n/a
133.76478001408503,grab,Picked Up,n/a,n/a,n/a,n/a,n/a
142.92250913613327,release,Snapped!,n/a,n/a,n/a,2.265340449067435,0.00941736926833624
142.922728216496,2,MOVE SOMEWHERE AND SOMETHING,0.0,0.5,0.0,n/a,n/a
146.27668945765404,grab,Picked Up,n/a,n/a,n/a,n/a,n/a
156.23491351448598,release,Snapped!,n/a,n/a,n/a,1.2555816873786803,0.016663794434588736
156.23585342047127,2,MOVE SOMEWHERE AND SOMETHING,0.0,0.5,0.0,n/a,n/a
158.82078352419242,grab,Picked Up,n/a,n/a,n/a,n/a,n/a
190.64800114030274,release,Snapped!,n/a,n/a,n/a,4.826456375733203,0.06623998313033286
190.64881176777965,2,MOVE SOMEWHERE AND SOMETHING,0.0,0.5,0.0,n/a,n/a
193.53306290318545,grab,Picked Up,n/a,n/a,n/a,n/a,n/a
231.3156071102577,release,Snapped!,n/a,n/a,n/a,6.383241672246354,0.026601271430869145
231.31585029850075,2,MOVE SOMEWHERE AND SOMETHING,0.0,0.5,0.0,n/a,n/a
235.37018433789365,grab,Picked Up,n/a,n/a,n/a,n/a,n/a
252.83414441283298,release,Snapped!,n/a,n/a,n/a,4.064418098671366,0.030972934970388204
252.83434480958843,2,MOVE SOMEWHERE AND SOMETHING,0.0,0.5,0.0,n/a,n/a
255.97150056789127,grab,Picked Up,n/a,n/a,n/a,n/a,n/a
275.1877030523891,release,Snapped!,n/a,n/a,n/a,2.535503737103923,0.011097259743813495
275.18856008753573,2,MOVE SOMEWHERE AND SOMETHING,0.0,0.5,0.0,n/a,n/a
277.9727376035019,grab,Picked Up,n/a,n/a,n/a,n/a,n/a
295.42096849190443,release,Snapped!,n/a,n/a,n/a,1.5031612442114317,0.010601459941540242
295.42119269519173,2,MOVE SOMEWHERE AND SOMETHING,0.0,0.5,0.0,n/a,n/a
298.0077603266859,grab,Picked Up,n/a,n/a,n/a,n/a,n/a
307.5650046392602,release,Snapped!,n/a,n/a,n/a,1.9334574824026995,0.011726183964061094
307.56525596391293,2,MOVE SOMEWHERE AND SOMETHING,0.0,0.5,0.0,n/a,n/a
318.7428231593558,grab,Picked Up,n/a,n/a,n/a,n/a,n/a
335.8067310407342,release,Snapped!,n/a,n/a,n/a,0.7329102168852459,0.005462765436308885
335.8076474415361,2,MOVE SOMEWHERE AND SOMETHING,0.0,0.5,0.0,n/a,n/a
339.5440744788856,grab,Picked Up,n/a,n/a,n/a,n/a,n/a
355.9066151119645,release,Snapped!,n/a,n/a,n/a,4.298277355426691,0.010002283748617105
355.90682997344817,2,MOVE SOMEWHERE AND SOMETHING,0.0,0.5,0.0,n/a,n/a
356.90855670037854,FINISHED,FINISHED,n/a,n/a,n/a,n/a,n/a
