timestamp,event,event result,x,y,z,angular offset,positional offset
9.0404551326732e-07,1,MOVE SOMEWHERE AND SOMETHING,0.0,0.5,-1.0,n/a,n/a
5.480614401384757,grab,Picked Up,n/a,n/a,n/a,n/a,n/a
10.668877660643615,release,Snapped!,n/a,n/a,n/a,0.0,0.018183657511112727
10.67080779781444,1,MOVE SOMEWHERE AND SOMETHING,-0.5,0.5,0.0,n/a,n/a
13.120385412683216,grab,Picked Up,n/a,n/a,n/a,n/a,n/a
21.92861174469634,release,Snapped!,n/a,n/a,n/a,2.1326205395223394,0.0699944205874049
21.929437138249956,1,MOVE SOMEWHERE AND SOMETHING,0.0,0.5,1.0,n/a,n/a
27.083369269142487,grab,Picked Up,n/a,n/a,n/a,n/a,n/a
30.53511960672815,release,Snapped!,n/a,n/a,n/a,2.5619966328683215,0.009630639603221263
30.535347727545997,1,MOVE SOMEWHERE AND SOMETHING,1.0,0.5,0.0,n/a,n/a
32.62081377958225,grab,Did Not Pick Up,n/a,n/a,n/a,n/a,n/a
33.838780056876516,release,Did Not Snap,n/a,n/a,n/a,n/a,n/a
34.539866749718314,grab,Picked Up,n/a,n/a,n/a,n/a,n/a
41.02844609342346,release,Snapped!,n/a,n/a,n/a,3.3215717393954813,0.028543953514176507
41.02927239102259,1,MOVE SOMEWHERE AND SOMETHING,0.0,1.0,0.0,n/a,n/a
43.76441206756113,grab,Picked Up,n/a,n/a,n/a,n/a,n/a
52.0037548023651,release,Snapped!,n/a,n/a,n/a,5.670668943110404,0.025607521426597894
52.003990456895565,1,MOVE SOMEWHERE AND SOMETHING,0.0,0.75,0.0,n/a,n/a
53.78870859207869,grab,Did Not Pick Up,n/a,n/a,n/a,n/a,n/a
54.20679980846289,release,Did Not Snap,n/a,n/a,n/a,n/a,n/a
54.99081369219119,grab,Picked Up,n/a,n/a,n/a,n/a,n/a
61.19584669437265,release,Snapped!,n/a,n/a,n/a,0.6499922130768593,0.004479585902553542
61.1966817310784,1,MOVE SOMEWHERE AND SOMETHING,0.0,0.5,0.5,n/a,n/a
63.8643112062167,grab,Picked Up,n/a,n/a,n/a,n/a,n/a
68.46873885952247,release,Snapped!,n/a,n/a,n/a,0.05197493579527301,0.004691536221099258
68.46962723491352,1,MOVE SOMEWHERE AND SOMETHING,0.5,0.5,0.0,n/a,n/a
71.13709850208699,grab,Picked Up,n/a,n/a,n/a,n/a,n/a
77.87693017483939,release,Snapped!,n/a,n/a,n/a,1.8961725255641642,0.011064309385292752
77.87775888322655,1,MOVE SOMEWHERE AND SOMETHING,0.0,0.5,-0.5,n/a,n/a
80.6129811292553,grab,Picked Up,n/a,n/a,n/a,n/a,n/a
88.9025041156672,release,Snapped!,n/a,n/a,n/a,4.015954896143134,0.030398205396336406
88.90282264103638,1,MOVE SOMEWHERE AND SOMETHING,0.0,0.0,0.0,n/a,n/a
91.77152811114456,grab,Picked Up,n/a,n/a,n/a,n/a,n/a
100.9468092768329,release,Snapped!,n/a,n/a,n/a,5.389148792268163,0.060052718834685784
100.94764973781173,1,MOVE SOMEWHERE AND SOMETHING,-1.0,0.5,0.0,n/a,n/a
105.484446951664,grab,Picked Up,n/a,n/a,n/a,n/a,n/a
115.95999869817446,release,Snapped!,n/a,n/a,n/a,3.0407195349491283,0.021137892749085258
115.96070023749276,1,MOVE SOMEWHERE AND SOMETHING,0.0,0.25,0.0,n/a,n/a
116.96095939720657,FINISHED,FINISHED,n/a,n/a,n/a,n/a,n/a
