timestamp,event,event result,x,y,z,angular offset,positional offset
1.1149894663630278e-05,1,MOVE SOMEWHERE AND SOMETHING,0.0,0.5,-1.0,n/a,n/a
7.790361187276946,grab,Picked Up,n/a,n/a,n/a,n/a,n/a
13.394906065150945,release,Snapped!,n/a,n/a,n/a,0.0,0.009599804878234863
13.39679672566769,1,MOVE SOMEWHERE AND SOMETHING,-0.5,0.5,0.0,n/a,n/a
16.197607172335484,grab,Picked Up,n/a,n/a,n/a,n/a,n/a
19.466070117167313,release,Snapped!,n/a,n/a,n/a,1.9381171144122615,0.016883577641099955
19.466327167441584,1,MOVE SOMEWHERE AND SOMETHING,0.0,0.5,1.0,n/a,n/a
22.218383343624385,grab,Picked Up,n/a,n/a,n/a,n/a,n/a
27.22276645762121,release,Snapped!,n/a,n/a,n/a,0.15193570680178564,0.012710819373926726
27.22304942386686,1,MOVE SOMEWHERE AND SOMETHING,1.0,0.5,0.0,n/a,n/a
30.30901300228392,grab,Picked Up,n/a,n/a,n/a,n/a,n/a
35.98105843840602,release,Snapped!,n/a,n/a,n/a,0.5319798531501282,0.019306680595664868
35.9818747915045,1,MOVE SOMEWHERE AND SOMETHING,0.0,1.0,0.0,n/a,n/a
38.800448828462486,grab,Picked Up,n/a,n/a,n/a,n/a,n/a
42.29686745216168,release,Snapped!,n/a,n/a,n/a,0.0,0.0008007287979125977
42.29706212329553,1,MOVE SOMEWHERE AND SOMETHING,0.0,0.75,0.0,n/a,n/a
45.10502176188225,grab,Picked Up,n/a,n/a,n/a,n/a,n/a
52.11161586985602,release,Snapped!,n/a,n/a,n/a,0.13894277858759935,0.006322221643582021
52.112289685111904,1,MOVE SOMEWHERE AND SOMETHING,0.0,0.5,0.5,n/a,n/a
54.83095403621667,grab,Picked Up,n/a,n/a,n/a,n/a,n/a
59.316987286407944,release,Snapped!,n/a,n/a,n/a,0.6123427998496833,0.0021416566243329673
59.317207270816176,1,MOVE SOMEWHERE AND SOMETHING,0.5,0.5,0.0,n/a,n/a
62.053924808123874,grab,Picked Up,n/a,n/a,n/a,n/a,n/a
66.0062002454785,release,Snapped!,n/a,n/a,n/a,1.9199718713553968,0.003924853469737358
66.00642806494784,1,MOVE SOMEWHERE AND SOMETHING,0.0,0.5,-0.5,n/a,n/a
68.54334822898991,grab,Picked Up,n/a,n/a,n/a,n/a,n/a
79.11800295140725,release,Snapped!,n/a,n/a,n/a,1.6748593686200735,0.008283725620574547
79.11862222258384,1,MOVE SOMEWHERE AND SOMETHING,0.0,0.0,0.0,n/a,n/a
81.97103016287585,grab,Picked Up,n/a,n/a,n/a,n/a,n/a
84.78927753805505,release,Snapped!,n/a,n/a,n/a,0.0443010800569116,0.004007997172572805
84.78951258988849,1,MOVE SOMEWHERE AND SOMETHING,-1.0,0.5,0.0,n/a,n/a
87.24157030294866,grab,Picked Up,n/a,n/a,n/a,n/a,n/a
94.36478417269439,release,Snapped!,n/a,n/a,n/a,0.8582511188412719,0.005220289383171254
94.36559359477727,1,MOVE SOMEWHERE AND SOMETHING,0.0,0.25,0.0,n/a,n/a
95.36597088310481,FINISHED,FINISHED,n/a,n/a,n/a,n/a,n/a
