timestamp,event,event result,x,y,z,angular offset,positional offset
104.30823793393054,2,MOVE SOMEWHERE AND SOMETHING,0.0,0.5,0.0,n/a,n/a
111.93405078385267,grab,Picked Up,n/a,n/a,n/a,n/a,n/a
123.96079305283212,release,Snapped!,n/a,n/a,n/a,5.314807008445046,0.015663876491308917
123.96159976277846,2,MOVE SOMEWHERE AND SOMETHING,0.0,0.5,0.0,n/a,n/a
126.39650471896691,grab,Picked Up,n/a,n/a,n/a,n/a,n/a
131.55079816671625,release,Snapped!,n/a,n/a,n/a,1.9435630529408028,0.014819770974801225
131.55160427396558,2,MOVE SOMEWHERE AND SOMETHING,0.0,0.5,0.0,n/a,n/a
134.2199247412245,grab,Picked Up,n/a,n/a,n/a,n/a,n/a
144.46181507628486,release,Snapped!,n/a,n/a,n/a,4.122279167261611,0.04483067253951562
144.46262359432222,2,MOVE SOMEWHERE AND SOMETHING,0.0,0.5,0.0,n/a,n/a
147.1477779917352,grab,Picked Up,n/a,n/a,n/a,n/a,n/a
166.13049806579463,release,Snapped!,n/a,n/a,n/a,14.343617843803637,0.09507374979336682
166.13133280115187,2,MOVE SOMEWHERE AND SOMETHING,0.0,0.5,0.0,n/a,n/a
168.8327886459116,grab,Did Not Pick Up,n/a,n/a,n/a,n/a,n/a
170.23395161005985,release,Did Not Snap,n/a,n/a,n/a,n/a,n/a
174.20442849708158,grab,Picked Up,n/a,n/a,n/a,n/a,n/a
184.79662561998688,release,Snapped!,n/a,n/a,n/a,1.694990912453406,0.006745476212377053
184.79745191758602,2,MOVE SOMEWHERE AND SOMETHING,0.0,0.5,0.0,n/a,n/a
187.43255172571742,grab,Picked Up,n/a,n/a,n/a,n/a,n/a
219.49327555879808,release,Snapped!,n/a,n/a,n/a,9.695203048807914,0.04328964028658322
219.49409884291214,2,MOVE SOMEWHERE AND SOMETHING,0.0,0.5,0.0,n/a,n/a
222.36271149768098,grab,Picked Up,n/a,n/a,n/a,n/a,n/a
230.40273540064433,release,Snapped!,n/a,n/a,n/a,0.43414577552719885,0.003601383310637934
230.4035445213787,2,MOVE SOMEWHERE AND SOMETHING,0.0,0.5,0.0,n/a,n/a
233.12200064066693,grab,Picked Up,n/a,n/a,n/a,n/a,n/a
244.49821526348256,release,Snapped!,n/a,n/a,n/a,5.015540990372868,0.02530335155054577
244.49905843659792,2,MOVE SOMEWHERE AND SOMETHING,0.0,0.5,0.0,n/a,n/a
247.30096790126134,grab,Picked Up,n/a,n/a,n/a,n/a,n/a
261.37945080440466,release,Snapped!,n/a,n/a,n/a,2.9372865147274516,0.01332814705852862
261.38025118603235,2,MOVE SOMEWHERE AND SOMETHING,0.0,0.5,0.0,n/a,n/a
264.148445780021,grab,Did Not Pick Up,n/a,n/a,n/a,n/a,n/a
264.6488265338564,release,Did Not Snap,n/a,n/a,n/a,n/a,n/a
265.66680860181225,grab,Picked Up,n/a,n/a,n/a,n/a,n/a
299.69590199182323,release,Snapped!,n/a,n/a,n/a,4.583462685467029,0.029508299650314228
299.6967252759373,2,MOVE SOMEWHERE AND SOMETHING,0.0,0.5,0.0,n/a,n/a
302.5653376293576,grab,Picked Up,n/a,n/a,n/a,n/a,n/a
326.56913522321037,release,Snapped!,n/a,n/a,n/a,1.5219241565113304,0.006860582263799713
326.56994554933874,2,MOVE SOMEWHERE AND SOMETHING,0.0,0.5,0.0,n/a,n/a
327.5702517194192,FINISHED,FINISHED,n/a,n/a,n/a,n/a,n/a
