timestamp,event,event result,x,y,z,angular offset,positional offset
123.21490367244382,2,MOVE SOMEWHERE AND SOMETHING,0.0,0.5,0.0,n/a,n/a
129.78768671930018,grab,Picked Up,n/a,n/a,n/a,n/a,n/a
149.35463113888338,release,Snapped!,n/a,n/a,n/a,4.74662714107577,0.022050439303789908
149.35488668241513,2,MOVE SOMEWHERE AND SOMETHING,0.0,0.5,0.0,n/a,n/a
152.62415904932985,grab,Picked Up,n/a,n/a,n/a,n/a,n/a
165.38587284238238,release,Snapped!,n/a,n/a,n/a,1.5571884164628287,0.013167271288795045
165.38668075772273,2,MOVE SOMEWHERE AND SOMETHING,0.0,0.5,0.0,n/a,n/a
167.45471319608114,grab,Did Not Pick Up,n/a,n/a,n/a,n/a,n/a
168.33765286279572,release,Did Not Snap,n/a,n/a,n/a,n/a,n/a
169.25527713967233,grab,Picked Up,n/a,n/a,n/a,n/a,n/a
184.40235389343775,release,Snapped!,n/a,n/a,n/a,5.726513792077505,0.013756418382952183
184.403255528163,2,MOVE SOMEWHERE AND SOMETHING,0.0,0.5,0.0,n/a,n/a
186.73754714974038,grab,Picked Up,n/a,n/a,n/a,n/a,n/a
198.8146986951911,release,Snapped!,n/a,n/a,n/a,2.624385765991239,0.017022303832267736
198.8155349372909,2,MOVE SOMEWHERE AND SOMETHING,0.0,0.5,0.0,n/a,n/a
203.11512537453854,grab,Picked Up,n/a,n/a,n/a,n/a,n/a
222.1674482140129,release,Snapped!,n/a,n/a,n/a,1.9082052232605649,0.0062125008873933525
222.16769110090746,2,MOVE SOMEWHERE AND SOMETHING,0.0,0.5,0.0,n/a,n/a
224.52048130177732,grab,Picked Up,n/a,n/a,n/a,n/a,n/a
238.06530402899938,release,Snapped!,n/a,n/a,n/a,10.651707484027073,0.04891412478173775
238.06613876435662,2,MOVE SOMEWHERE AND SOMETHING,0.0,0.5,0.0,n/a,n/a
242.30267052031135,grab,Picked Up,n/a,n/a,n/a,n/a,n/a
242.40272364805267,release,Did Not Snap,n/a,n/a,n/a,n/a,n/a
242.4359994539565,grab,Picked Up,n/a,n/a,n/a,n/a,n/a
248.92467914671363,release,Snapped!,n/a,n/a,n/a,7.026852945621508,0.03556248509808702
248.92551116993434,2,MOVE SOMEWHERE AND SOMETHING,0.0,0.5,0.0,n/a,n/a
251.62729849804893,grab,Picked Up,n/a,n/a,n/a,n/a,n/a
265.70518382710793,release,Snapped!,n/a,n/a,n/a,3.0191416640358857,0.020759383846613598
265.7054209883809,2,MOVE SOMEWHERE AND SOMETHING,0.0,0.5,0.0,n/a,n/a
268.42416640223337,grab,Picked Up,n/a,n/a,n/a,n/a,n/a
314.34784235977577,release,Snapped!,n/a,n/a,n/a,5.852638793250931,0.013409107488010762
314.348675889739,2,MOVE SOMEWHERE AND SOMETHING,0.0,0.5,0.0,n/a,n/a
317.0494229628163,grab,Picked Up,n/a,n/a,n/a,n/a,n/a
338.284589610046,release,Snapped!,n/a,n/a,n/a,6.612309973776287,0.047453135084018445
338.28506272719795,2,MOVE SOMEWHERE AND SOMETHING,0.0,0.5,0.0,n/a,n/a
341.42061832494227,grab,Picked Up,n/a,n/a,n/a,n/a,n/a
374.2154662901016,release,Snapped!,n/a,n/a,n/a,2.2320267286963817,0.01620962585735972
374.215701341935,2,MOVE SOMEWHERE AND SOMETHING,0.0,0.5,0.0,n/a,n/a
375.216415236542,FINISHED,FINISHED,n/a,n/a,n/a,n/a,n/a
