timestamp,event,event result,x,y,z,angular offset,positional offset
9.0404551326732e-07,1,MOVE SOMEWHERE AND SOMETHING,0.0,0.5,-1.0,n/a,n/a
5.525468016828506,grab,Picked Up,n/a,n/a,n/a,n/a,n/a
18.553039898240637,release,Snapped!,n/a,n/a,n/a,0.18364927563511235,0.0066312485090082975
18.554998060822374,1,MOVE SOMEWHERE AND SOMETHING,-0.5,0.5,0.0,n/a,n/a
20.654875502385625,grab,Did Not Pick Up,n/a,n/a,n/a,n/a,n/a
21.75568893240361,release,Did Not Snap,n/a,n/a,n/a,n/a,n/a
21.939594390940016,grab,Picked Up,n/a,n/a,n/a,n/a,n/a
25.425674952846492,release,Snapped!,n/a,n/a,n/a,3.198003433755703,0.00830252536902761
25.426484374929373,1,MOVE SOMEWHERE AND SOMETHING,0.0,0.5,1.0,n/a,n/a
28.91234103489706,grab,Picked Up,n/a,n/a,n/a,n/a,n/a
32.581904866085246,release,Snapped!,n/a,n/a,n/a,0.0,0.017998695373535156
32.582702234227945,1,MOVE SOMEWHERE AND SOMETHING,1.0,0.5,0.0,n/a,n/a
35.30120445983733,grab,Picked Up,n/a,n/a,n/a,n/a,n/a
41.08918499392934,release,Snapped!,n/a,n/a,n/a,0.2506587487297897,0.018665704138920332
41.09000436051286,1,MOVE SOMEWHERE AND SOMETHING,0.0,1.0,0.0,n/a,n/a
45.86042381050965,grab,Picked Up,n/a,n/a,n/a,n/a,n/a
49.99693618975554,release,Snapped!,n/a,n/a,n/a,0.2106453600892023,0.0007633290057004695
49.9977444064444,1,MOVE SOMEWHERE AND SOMETHING,0.0,0.75,0.0,n/a,n/a
52.36589403923618,grab,Picked Up,n/a,n/a,n/a,n/a,n/a
56.21895771387381,release,Snapped!,n/a,n/a,n/a,0.04430228789482635,0.006987997914372983
56.21978220338191,1,MOVE SOMEWHERE AND SOMETHING,0.0,0.5,0.5,n/a,n/a
58.888207841268894,grab,Picked Up,n/a,n/a,n/a,n/a,n/a
64.0089602964305,release,Snapped!,n/a,n/a,n/a,0.0,0.0036052692883169783
64.0097917169542,1,MOVE SOMEWHERE AND SOMETHING,0.5,0.5,0.0,n/a,n/a
66.77830061743295,grab,Picked Up,n/a,n/a,n/a,n/a,n/a
70.78155066105315,release,Snapped!,n/a,n/a,n/a,0.7436433985835613,0.007829280889818092
70.78235526155996,1,MOVE SOMEWHERE AND SOMETHING,0.0,0.5,-0.5,n/a,n/a
73.46744999196906,grab,Picked Up,n/a,n/a,n/a,n/a,n/a
77.70417099478456,release,Snapped!,n/a,n/a,n/a,0.43720528739628833,0.008935688827094569
77.70498071821595,1,MOVE SOMEWHERE AND SOMETHING,0.0,0.0,0.0,n/a,n/a
80.37339550755676,grab,Picked Up,n/a,n/a,n/a,n/a,n/a
88.0630842959158,release,Snapped!,n/a,n/a,n/a,0.026833141413356715,0.0031763223617138343
88.06390637463586,1,MOVE SOMEWHERE AND SOMETHING,-1.0,0.5,0.0,n/a,n/a
93.85174105605172,grab,Picked Up,n/a,n/a,n/a,n/a,n/a
100.12352214926575,release,Snapped!,n/a,n/a,n/a,0.19648636451939913,0.00606424400879517
100.12432464033303,1,MOVE SOMEWHERE AND SOMETHING,0.0,0.25,0.0,n/a,n/a
101.1246362346866,FINISHED,FINISHED,n/a,n/a,n/a,n/a,n/a
