timestamp,event,event result,x,y,z,angular offset,positional offset
380.3229458503859,3,MOVE SOMEWHERE AND SOMETHING,0.0,0.0,0.0,n/a,n/a
389.7465454160824,grab,Picked Up,n/a,n/a,n/a,n/a,n/a
405.15963032976265,release,Snapped!,n/a,n/a,n/a,4.433572407109268,0.0197287194359152
405.16043432757243,3,MOVE SOMEWHERE AND SOMETHING,0.0,1.0,0.0,n/a,n/a
409.4803115461378,grab,Picked Up,n/a,n/a,n/a,n/a,n/a
426.8783793597972,release,Snapped!,n/a,n/a,n/a,1.4431893439212846,0.008455827665805627
426.87921680729096,3,MOVE SOMEWHERE AND SOMETHING,0.0,0.5,1.0,n/a,n/a
429.7144777163328,grab,Picked Up,n/a,n/a,n/a,n/a,n/a
459.6067459273503,release,Snapped!,n/a,n/a,n/a,2.075753043802706,0.004131770298900739
459.60747247859445,3,MOVE SOMEWHERE AND SOMETHING,0.0,0.5,-0.5,n/a,n/a
466.5300346520645,grab,Picked Up,n/a,n/a,n/a,n/a,n/a
490.09970657696124,release,Snapped!,n/a,n/a,n/a,3.727004299420409,0.0271121689545162
490.1005138896046,3,MOVE SOMEWHERE AND SOMETHING,0.0,0.25,0.0,n/a,n/a
493.7521396497185,grab,Picked Up,n/a,n/a,n/a,n/a,n/a
502.0760308303628,release,Snapped!,n/a,n/a,n/a,4.233884018675379,0.11608620989438305
502.0763439314589,3,MOVE SOMEWHERE AND SOMETHING,-1.0,0.5,0.0,n/a,n/a
505.2127628926684,grab,Did Not Pick Up,n/a,n/a,n/a,n/a,n/a
506.4970677283777,release,Did Not Snap,n/a,n/a,n/a,n/a,n/a
508.84947461394995,grab,Picked Up,n/a,n/a,n/a,n/a,n/a
530.5179424406275,release,Snapped!,n/a,n/a,n/a,3.584887813215743,0.007738872390552106
530.5187699436207,3,MOVE SOMEWHERE AND SOMETHING,-0.5,0.5,0.0,n/a,n/a
533.2532906503312,grab,Picked Up,n/a,n/a,n/a,n/a,n/a
549.9513891714031,release,Snapped!,n/a,n/a,n/a,4.2125596903061835,0.06203758749398204
549.952200401577,3,MOVE SOMEWHERE AND SOMETHING,0.0,0.5,0.5,n/a,n/a
556.0559787995301,grab,Picked Up,n/a,n/a,n/a,n/a,n/a
568.017104541111,release,Snapped!,n/a,n/a,n/a,8.425625071757246,0.032362271038801384
568.0178271748247,3,MOVE SOMEWHERE AND SOMETHING,0.0,0.75,0.0,n/a,n/a
570.7196217353033,grab,Picked Up,n/a,n/a,n/a,n/a,n/a
583.2133646856317,release,Snapped!,n/a,n/a,n/a,0.8014620847684536,0.01180762526962719
583.214193996716,3,MOVE SOMEWHERE AND SOMETHING,1.0,0.5,0.0,n/a,n/a
586.3156577368064,grab,Picked Up,n/a,n/a,n/a,n/a,n/a
605.6666033834807,release,Snapped!,n/a,n/a,n/a,3.270924865531435,0.04536283563870926
605.6675234004647,3,MOVE SOMEWHERE AND SOMETHING,0.5,0.5,0.0,n/a,n/a
609.2529314429139,grab,Picked Up,n/a,n/a,n/a,n/a,n/a
633.1557429340556,release,Snapped!,n/a,n/a,n/a,5.537713973899249,0.06545031433796733
633.1559701508279,3,MOVE SOMEWHERE AND SOMETHING,0.0,0.5,-1.0,n/a,n/a
634.1566331175377,FINISHED,FINISHED,n/a,n/a,n/a,n/a,n/a
