timestamp,event,event result,x,y,z,angular offset,positional offset
388.8518582806199,3,MOVE SOMEWHERE AND SOMETHING,0.0,0.0,0.0,n/a,n/a
406.35198379227205,grab,Picked Up,n/a,n/a,n/a,n/a,n/a
409.52220079634355,release,Snapped!,n/a,n/a,n/a,15.293712687292613,0.11209404939692919
409.52303312091277,3,MOVE SOMEWHERE AND SOMETHING,0.0,1.0,0.0,n/a,n/a
434.37699873162416,grab,Did Not Pick Up,n/a,n/a,n/a,n/a,n/a
435.1775828655651,release,Did Not Snap,n/a,n/a,n/a,n/a,n/a
438.6467029309457,grab,Picked Up,n/a,n/a,n/a,n/a,n/a
446.08634357888116,release,Did Not Snap,n/a,n/a,n/a,n/a,n/a
446.403293799423,grab,Picked Up,n/a,n/a,n/a,n/a,n/a
448.1047222214689,release,Did Not Snap,n/a,n/a,n/a,n/a,n/a
448.35607489956806,grab,Picked Up,n/a,n/a,n/a,n/a,n/a
449.18976970043246,release,Did Not Snap,n/a,n/a,n/a,n/a,n/a
449.55714245677984,grab,Picked Up,n/a,n/a,n/a,n/a,n/a
450.3073905419361,release,Did Not Snap,n/a,n/a,n/a,n/a,n/a
450.6747898169519,grab,Picked Up,n/a,n/a,n/a,n/a,n/a
453.89391598463965,release,Snapped!,n/a,n/a,n/a,44.88000575608054,0.056529644832400035
453.89475614427,3,MOVE SOMEWHERE AND SOMETHING,0.0,0.5,1.0,n/a,n/a
457.8969776854446,grab,Picked Up,n/a,n/a,n/a,n/a,n/a
459.7313704094452,release,Snapped!,n/a,n/a,n/a,11.6347959218556,0.0817290955448507
459.73159521542954,3,MOVE SOMEWHERE AND SOMETHING,0.0,0.5,-0.5,n/a,n/a
463.38517612464017,grab,Did Not Pick Up,n/a,n/a,n/a,n/a,n/a
464.11919086721167,release,Did Not Snap,n/a,n/a,n/a,n/a,n/a
467.53824700150705,grab,Picked Up,n/a,n/a,n/a,n/a,n/a
468.97267853919504,release,Did Not Snap,n/a,n/a,n/a,n/a,n/a
469.32383874600447,grab,Picked Up,n/a,n/a,n/a,n/a,n/a
471.44229582960793,release,Did Not Snap,n/a,n/a,n/a,n/a,n/a
471.7597978192614,grab,Picked Up,n/a,n/a,n/a,n/a,n/a
473.54408201259815,release,Did Not Snap,n/a,n/a,n/a,n/a,n/a
473.9615280418344,grab,Picked Up,n/a,n/a,n/a,n/a,n/a
479.1484017831394,release,Did Not Snap,n/a,n/a,n/a,n/a,n/a
479.5651712849832,grab,Picked Up,n/a,n/a,n/a,n/a,n/a
483.58619184990914,release,Snapped!,n/a,n/a,n/a,12.18527803223788,0.08337573526502702
483.587133865334,3,MOVE SOMEWHERE AND SOMETHING,0.0,0.25,0.0,n/a,n/a
487.2054268646767,grab,Picked Up,n/a,n/a,n/a,n/a,n/a
494.99601014580145,release,Did Not Snap,n/a,n/a,n/a,n/a,n/a
495.4300954340579,grab,Picked Up,n/a,n/a,n/a,n/a,n/a
497.24793990628666,release,Did Not Snap,n/a,n/a,n/a,n/a,n/a
497.5152411526339,grab,Picked Up,n/a,n/a,n/a,n/a,n/a
499.61580024451416,release,Did Not Snap,n/a,n/a,n/a,n/a,n/a
500.0662864251238,grab,Picked Up,n/a,n/a,n/a,n/a,n/a
502.90274519447075,release,Did Not Snap,n/a,n/a,n/a,n/a,n/a
503.2539566305259,grab,Picked Up,n/a,n/a,n/a,n/a,n/a
504.08737871099385,release,Snapped!,n/a,n/a,n/a,21.702383450938104,0.0990078063445043
504.0883219318127,3,MOVE SOMEWHERE AND SOMETHING,-1.0,0.5,0.0,n/a,n/a
507.30581931083407,grab,Did Not Pick Up,n/a,n/a,n/a,n/a,n/a
508.0397213490649,release,Did Not Snap,n/a,n/a,n/a,n/a,n/a
509.87504704803524,grab,Picked Up,n/a,n/a,n/a,n/a,n/a
515.230145578449,release,Did Not Snap,n/a,n/a,n/a,n/a,n/a
515.5474441578621,grab,Picked Up,n/a,n/a,n/a,n/a,n/a
523.3705809125255,release,Snapped!,n/a,n/a,n/a,11.582037378346543,0.021433045833879106
523.3714277018229,3,MOVE SOMEWHERE AND SOMETHING,-0.5,0.5,0.0,n/a,n/a
529.0749809321734,grab,Did Not Pick Up,n/a,n/a,n/a,n/a,n/a
529.7919113239836,release,Did Not Snap,n/a,n/a,n/a,n/a,n/a
530.3099830431197,grab,Picked Up,n/a,n/a,n/a,n/a,n/a
553.0461611666044,release,Did Not Snap,n/a,n/a,n/a,n/a,n/a
553.3467641348269,grab,Picked Up,n/a,n/a,n/a,n/a,n/a
554.0803618110683,release,Did Not Snap,n/a,n/a,n/a,n/a,n/a
554.3977122224242,grab,Picked Up,n/a,n/a,n/a,n/a,n/a
564.8556748594284,release,Snapped!,n/a,n/a,n/a,9.747219313354215,0.11106139656040014
564.855985248388,3,MOVE SOMEWHERE AND SOMETHING,0.0,0.5,0.5,n/a,n/a
569.1768960923235,grab,Did Not Pick Up,n/a,n/a,n/a,n/a,n/a
570.060912778593,release,Did Not Snap,n/a,n/a,n/a,n/a,n/a
571.91281596014,grab,Picked Up,n/a,n/a,n/a,n/a,n/a
575.6490386832035,release,Did Not Snap,n/a,n/a,n/a,n/a,n/a
575.9163402308992,grab,Picked Up,n/a,n/a,n/a,n/a,n/a
577.166263010345,release,Did Not Snap,n/a,n/a,n/a,n/a,n/a
577.383522926745,grab,Picked Up,n/a,n/a,n/a,n/a,n/a
580.7530455033228,release,Did Not Snap,n/a,n/a,n/a,n/a,n/a
581.2037353955214,grab,Picked Up,n/a,n/a,n/a,n/a,n/a
582.1213144701223,release,Snapped!,n/a,n/a,n/a,22.750069475406598,0.06336114884610305
582.122143479858,3,MOVE SOMEWHERE AND SOMETHING,0.0,0.75,0.0,n/a,n/a
585.8240115693718,grab,Picked Up,n/a,n/a,n/a,n/a,n/a
587.4251738102836,release,Snapped!,n/a,n/a,n/a,28.26210752716471,0.08080799403017015
587.4254694331664,3,MOVE SOMEWHERE AND SOMETHING,1.0,0.5,0.0,n/a,n/a
589.7115154605343,grab,Picked Up,n/a,n/a,n/a,n/a,n/a
592.8638850994314,release,Did Not Snap,n/a,n/a,n/a,n/a,n/a
594.6326329692743,grab,Picked Up,n/a,n/a,n/a,n/a,n/a
597.200099927164,release,Snapped!,n/a,n/a,n/a,3.4168752664793898,0.12593859157196644
597.2003084603291,3,MOVE SOMEWHERE AND SOMETHING,0.5,0.5,0.0,n/a,n/a
601.4878901596755,grab,Did Not Pick Up,n/a,n/a,n/a,n/a,n/a
602.5888027333515,release,Did Not Snap,n/a,n/a,n/a,n/a,n/a
603.0552067446616,grab,Picked Up,n/a,n/a,n/a,n/a,n/a
607.5093977037847,release,Snapped!,n/a,n/a,n/a,14.815888946272604,0.10824516407683643
607.5097761975062,3,MOVE SOMEWHERE AND SOMETHING,0.0,0.5,-1.0,n/a,n/a
608.5108254929986,FINISHED,FINISHED,n/a,n/a,n/a,n/a,n/a
