timestamp,event,event result,x,y,z,angular offset,positional offset
710.4869174067032,3,MOVE SOMEWHERE AND SOMETHING,0.0,0.0,0.0,n/a,n/a
723.1287725442583,grab,Picked Up,n/a,n/a,n/a,n/a,n/a
724.9300283840156,release,Did Not Snap,n/a,n/a,n/a,n/a,n/a
725.3974434195582,grab,Picked Up,n/a,n/a,n/a,n/a,n/a
726.8651200256026,release,Snapped!,n/a,n/a,n/a,17.194683300362435,0.0813016906017623
726.8660023740235,3,MOVE SOMEWHERE AND SOMETHING,0.0,1.0,0.0,n/a,n/a
730.418046315457,grab,Did Not Pick Up,n/a,n/a,n/a,n/a,n/a
731.8192722614427,release,Did Not Snap,n/a,n/a,n/a,n/a,n/a
732.0365005362497,grab,Picked Up,n/a,n/a,n/a,n/a,n/a
736.1897492087342,release,Did Not Snap,n/a,n/a,n/a,n/a,n/a
736.5904631636108,grab,Picked Up,n/a,n/a,n/a,n/a,n/a
739.6594294809845,release,Did Not Snap,n/a,n/a,n/a,n/a,n/a
739.959998999523,grab,Picked Up,n/a,n/a,n/a,n/a,n/a
748.3503209512246,release,Snapped!,n/a,n/a,n/a,37.95117304148533,0.061393815881645275
748.3511360989291,3,MOVE SOMEWHERE AND SOMETHING,0.0,0.5,1.0,n/a,n/a
753.121394327476,grab,Picked Up,n/a,n/a,n/a,n/a,n/a
758.7259590943513,release,Snapped!,n/a,n/a,n/a,12.83393896617301,0.030327086398550106
758.7267658042977,3,MOVE SOMEWHERE AND SOMETHING,0.0,0.5,-0.5,n/a,n/a
763.763920266802,grab,Picked Up,n/a,n/a,n/a,n/a,n/a
767.0830968500945,release,Did Not Snap,n/a,n/a,n/a,n/a,n/a
767.3837435138502,grab,Picked Up,n/a,n/a,n/a,n/a,n/a
770.4526821071613,release,Did Not Snap,n/a,n/a,n/a,n/a,n/a
770.735480501697,grab,Picked Up,n/a,n/a,n/a,n/a,n/a
771.8205620330417,release,Did Not Snap,n/a,n/a,n/a,n/a,n/a
772.4213861609315,grab,Picked Up,n/a,n/a,n/a,n/a,n/a
775.1734462546449,release,Did Not Snap,n/a,n/a,n/a,n/a,n/a
775.4240187414662,grab,Picked Up,n/a,n/a,n/a,n/a,n/a
781.7624496861004,release,Did Not Snap,n/a,n/a,n/a,n/a,n/a
782.0631472777533,grab,Picked Up,n/a,n/a,n/a,n/a,n/a
783.5306964133803,release,Did Not Snap,n/a,n/a,n/a,n/a,n/a
783.6811591189413,grab,Picked Up,n/a,n/a,n/a,n/a,n/a
796.575280623261,release,Did Not Snap,n/a,n/a,n/a,n/a,n/a
796.8925336990499,grab,Picked Up,n/a,n/a,n/a,n/a,n/a
799.9114586864761,release,Did Not Snap,n/a,n/a,n/a,n/a,n/a
800.0953454614053,grab,Picked Up,n/a,n/a,n/a,n/a,n/a
803.9984073731541,release,Snapped!,n/a,n/a,n/a,12.393356202919632,0.10079357952937645
803.9992195073736,3,MOVE SOMEWHERE AND SOMETHING,0.0,0.25,0.0,n/a,n/a
810.3708786448478,grab,Picked Up,n/a,n/a,n/a,n/a,n/a
813.806822349331,release,Did Not Snap,n/a,n/a,n/a,n/a,n/a
814.0907508007583,grab,Picked Up,n/a,n/a,n/a,n/a,n/a
822.1140052621475,release,Did Not Snap,n/a,n/a,n/a,n/a,n/a
822.5147336817524,grab,Picked Up,n/a,n/a,n/a,n/a,n/a
827.9857489278774,release,Did Not Snap,n/a,n/a,n/a,n/a,n/a
828.253007382737,grab,Picked Up,n/a,n/a,n/a,n/a,n/a
831.505433464209,release,Did Not Snap,n/a,n/a,n/a,n/a,n/a
831.8894858602762,grab,Picked Up,n/a,n/a,n/a,n/a,n/a
834.357904687687,release,Did Not Snap,n/a,n/a,n/a,n/a,n/a
834.8253170110929,grab,Picked Up,n/a,n/a,n/a,n/a,n/a
836.2929903023038,release,Snapped!,n/a,n/a,n/a,39.681175873722076,0.13438299724663244
836.2937943001136,3,MOVE SOMEWHERE AND SOMETHING,-1.0,0.5,0.0,n/a,n/a
839.1119994865021,grab,Did Not Pick Up,n/a,n/a,n/a,n/a,n/a
839.9793799272364,release,Did Not Snap,n/a,n/a,n/a,n/a,n/a
842.0979385652857,grab,Did Not Pick Up,n/a,n/a,n/a,n/a,n/a
842.8151721136916,release,Did Not Snap,n/a,n/a,n/a,n/a,n/a
843.1488299993641,grab,Did Not Pick Up,n/a,n/a,n/a,n/a,n/a
843.7159458862463,release,Did Not Snap,n/a,n/a,n/a,n/a,n/a
844.8840423008922,grab,Picked Up,n/a,n/a,n/a,n/a,n/a
850.9222963840891,release,Snapped!,n/a,n/a,n/a,16.41493278846346,0.09190922505135159
850.9231055048235,3,MOVE SOMEWHERE AND SOMETHING,-0.5,0.5,0.0,n/a,n/a
853.9582101948007,grab,Did Not Pick Up,n/a,n/a,n/a,n/a,n/a
854.8255270510006,release,Did Not Snap,n/a,n/a,n/a,n/a,n/a
859.3962750914066,grab,Did Not Pick Up,n/a,n/a,n/a,n/a,n/a
860.063439887151,release,Did Not Snap,n/a,n/a,n/a,n/a,n/a
861.5814444055704,grab,Did Not Pick Up,n/a,n/a,n/a,n/a,n/a
862.465469529598,release,Did Not Snap,n/a,n/a,n/a,n/a,n/a
863.5334567656807,grab,Picked Up,n/a,n/a,n/a,n/a,n/a
879.0798911047044,release,Did Not Snap,n/a,n/a,n/a,n/a,n/a
879.5639791502997,grab,Picked Up,n/a,n/a,n/a,n/a,n/a
883.1167641077055,release,Snapped!,n/a,n/a,n/a,9.968945086012695,0.020753915044723084
883.117609691609,3,MOVE SOMEWHERE AND SOMETHING,0.0,0.5,0.5,n/a,n/a
888.2378155005836,grab,Did Not Pick Up,n/a,n/a,n/a,n/a,n/a
888.988409533823,release,Did Not Snap,n/a,n/a,n/a,n/a,n/a
889.6223690392136,grab,Did Not Pick Up,n/a,n/a,n/a,n/a,n/a
889.9726417746775,release,Did Not Snap,n/a,n/a,n/a,n/a,n/a
890.2395916486686,grab,Did Not Pick Up,n/a,n/a,n/a,n/a,n/a
890.8066499779865,release,Did Not Snap,n/a,n/a,n/a,n/a,n/a
892.1912089408896,grab,Did Not Pick Up,n/a,n/a,n/a,n/a,n/a
892.8250955199422,release,Did Not Snap,n/a,n/a,n/a,n/a,n/a
894.6099570970134,grab,Did Not Pick Up,n/a,n/a,n/a,n/a,n/a
895.3272298207247,release,Did Not Snap,n/a,n/a,n/a,n/a,n/a
900.1147501956506,grab,Did Not Pick Up,n/a,n/a,n/a,n/a,n/a
900.6818483029709,release,Did Not Snap,n/a,n/a,n/a,n/a,n/a
904.5519004995455,grab,Did Not Pick Up,n/a,n/a,n/a,n/a,n/a
905.786246876146,release,Did Not Snap,n/a,n/a,n/a,n/a,n/a
911.5249496974009,grab,Picked Up,n/a,n/a,n/a,n/a,n/a
923.6685470813343,release,Snapped!,n/a,n/a,n/a,33.45753257795954,0.11348506744997561
923.6693568047657,3,MOVE SOMEWHERE AND SOMETHING,0.0,0.75,0.0,n/a,n/a
926.7882677192167,grab,Picked Up,n/a,n/a,n/a,n/a,n/a
928.3558808311312,release,Snapped!,n/a,n/a,n/a,33.73912013799994,0.13767138457621547
928.3567008004118,3,MOVE SOMEWHERE AND SOMETHING,1.0,0.5,0.0,n/a,n/a
931.1918911939036,grab,Picked Up,n/a,n/a,n/a,n/a,n/a
935.5621779902888,release,Snapped!,n/a,n/a,n/a,12.122439332452736,0.09457233840752882
935.5630085067669,3,MOVE SOMEWHERE AND SOMETHING,0.5,0.5,0.0,n/a,n/a
938.9487394140037,grab,Picked Up,n/a,n/a,n/a,n/a,n/a
941.3503953843052,release,Snapped!,n/a,n/a,n/a,39.53632340673377,0.12805205139780423
941.3512349412385,3,MOVE SOMEWHERE AND SOMETHING,0.0,0.5,-1.0,n/a,n/a
942.351539303228,FINISHED,FINISHED,n/a,n/a,n/a,n/a,n/a
