timestamp,event,event result,x,y,z,angular offset,positional offset
114.00365113847958,2,MOVE SOMEWHERE AND SOMETHING,0.0,0.5,0.0,n/a,n/a
119.50093342699245,grab,Did Not Pick Up,n/a,n/a,n/a,n/a,n/a
120.1021360486039,release,Did Not Snap,n/a,n/a,n/a,n/a,n/a
121.70314008155093,grab,Did Not Pick Up,n/a,n/a,n/a,n/a,n/a
122.25376738366516,release,Did Not Snap,n/a,n/a,n/a,n/a,n/a
124.07119268012428,grab,Picked Up,n/a,n/a,n/a,n/a,n/a
127.5246766756559,release,Did Not Snap,n/a,n/a,n/a,n/a,n/a
127.7587955341357,grab,Picked Up,n/a,n/a,n/a,n/a,n/a
129.09322487197963,release,Did Not Snap,n/a,n/a,n/a,n/a,n/a
129.32673289704096,grab,Picked Up,n/a,n/a,n/a,n/a,n/a
133.21314259178396,release,Snapped!,n/a,n/a,n/a,24.863393856733843,0.13591670823200203
133.2139830527628,2,MOVE SOMEWHERE AND SOMETHING,0.0,0.5,0.0,n/a,n/a
136.03166148196564,grab,Picked Up,n/a,n/a,n/a,n/a,n/a
137.7829172765207,release,Snapped!,n/a,n/a,n/a,22.390535066072452,0.1247086815122717
137.78313213800436,2,MOVE SOMEWHERE AND SOMETHING,0.0,0.5,0.0,n/a,n/a
140.78628092852708,grab,Did Not Pick Up,n/a,n/a,n/a,n/a,n/a
141.52051565550684,release,Did Not Snap,n/a,n/a,n/a,n/a,n/a
142.28682953347936,grab,Picked Up,n/a,n/a,n/a,n/a,n/a
144.20516378743238,release,Snapped!,n/a,n/a,n/a,27.276708046126426,0.028265111358751118
144.2053825664466,2,MOVE SOMEWHERE AND SOMETHING,0.0,0.5,0.0,n/a,n/a
146.92456403158494,grab,Picked Up,n/a,n/a,n/a,n/a,n/a
155.43228322419998,release,Did Not Snap,n/a,n/a,n/a,n/a,n/a
155.76535227489492,grab,Picked Up,n/a,n/a,n/a,n/a,n/a
158.10062116967217,release,Did Not Snap,n/a,n/a,n/a,n/a,n/a
158.4841871892532,grab,Picked Up,n/a,n/a,n/a,n/a,n/a
158.7184901716692,release,Did Not Snap,n/a,n/a,n/a,n/a,n/a
158.76879307211843,grab,Picked Up,n/a,n/a,n/a,n/a,n/a
160.2364280920692,release,Did Not Snap,n/a,n/a,n/a,n/a,n/a
160.6698100329163,grab,Picked Up,n/a,n/a,n/a,n/a,n/a
161.45358133109852,release,Did Not Snap,n/a,n/a,n/a,n/a,n/a
161.78724765452927,grab,Picked Up,n/a,n/a,n/a,n/a,n/a
172.34686116904535,release,Did Not Snap,n/a,n/a,n/a,n/a,n/a
172.63081493374702,grab,Picked Up,n/a,n/a,n/a,n/a,n/a
173.8315495008614,release,Snapped!,n/a,n/a,n/a,28.942838943383308,0.1367094643443637
173.8323664566569,2,MOVE SOMEWHERE AND SOMETHING,0.0,0.5,0.0,n/a,n/a
179.9872707378247,grab,Picked Up,n/a,n/a,n/a,n/a,n/a
180.50312573736213,release,Did Not Snap,n/a,n/a,n/a,n/a,n/a
180.78740978002463,grab,Picked Up,n/a,n/a,n/a,n/a,n/a
184.65744871726488,release,Did Not Snap,n/a,n/a,n/a,n/a,n/a
185.12496078702586,grab,Picked Up,n/a,n/a,n/a,n/a,n/a
185.70853361708308,release,Did Not Snap,n/a,n/a,n/a,n/a,n/a
186.17629942228479,grab,Picked Up,n/a,n/a,n/a,n/a,n/a
187.82716367472804,release,Snapped!,n/a,n/a,n/a,33.7169957655199,0.1090232280178408
187.82791915542862,2,MOVE SOMEWHERE AND SOMETHING,0.0,0.5,0.0,n/a,n/a
191.9304885431819,grab,Did Not Pick Up,n/a,n/a,n/a,n/a,n/a
192.64771033899598,release,Did Not Snap,n/a,n/a,n/a,n/a,n/a
196.88392628171806,grab,Did Not Pick Up,n/a,n/a,n/a,n/a,n/a
197.51808497847014,release,Did Not Snap,n/a,n/a,n/a,n/a,n/a
201.27118171103874,grab,Did Not Pick Up,n/a,n/a,n/a,n/a,n/a
201.9054603444956,release,Did Not Snap,n/a,n/a,n/a,n/a,n/a
203.18957593334412,grab,Picked Up,n/a,n/a,n/a,n/a,n/a
206.91015565554298,release,Did Not Snap,n/a,n/a,n/a,n/a,n/a
207.26074571098206,grab,Picked Up,n/a,n/a,n/a,n/a,n/a
210.02946826755047,release,Snapped!,n/a,n/a,n/a,29.04645839699234,0.11033218984430053
210.03028010042138,2,MOVE SOMEWHERE AND SOMETHING,0.0,0.5,0.0,n/a,n/a
214.516030987064,grab,Picked Up,n/a,n/a,n/a,n/a,n/a
219.4874315072518,release,Did Not Snap,n/a,n/a,n/a,n/a,n/a
220.0717947744361,grab,Picked Up,n/a,n/a,n/a,n/a,n/a
221.37190684594492,release,Snapped!,n/a,n/a,n/a,8.007797765946423,0.10178941234325915
221.37215365037005,2,MOVE SOMEWHERE AND SOMETHING,0.0,0.5,0.0,n/a,n/a
224.24089859713231,grab,Did Not Pick Up,n/a,n/a,n/a,n/a,n/a
224.94244575048887,release,Did Not Snap,n/a,n/a,n/a,n/a,n/a
225.35935809152377,grab,Did Not Pick Up,n/a,n/a,n/a,n/a,n/a
225.97651289756533,release,Did Not Snap,n/a,n/a,n/a,n/a,n/a
227.64450670304547,grab,Did Not Pick Up,n/a,n/a,n/a,n/a,n/a
228.3782698196158,release,Did Not Snap,n/a,n/a,n/a,n/a,n/a
230.56442785822276,grab,Picked Up,n/a,n/a,n/a,n/a,n/a
242.0062611178764,release,Snapped!,n/a,n/a,n/a,19.25533798204832,0.10217763658364361
242.0064940602703,2,MOVE SOMEWHERE AND SOMETHING,0.0,0.5,0.0,n/a,n/a
250.58119036878125,grab,Did Not Pick Up,n/a,n/a,n/a,n/a,n/a
251.26507367820258,release,Did Not Snap,n/a,n/a,n/a,n/a,n/a
255.10085682420262,grab,Did Not Pick Up,n/a,n/a,n/a,n/a,n/a
255.86828900647507,release,Did Not Snap,n/a,n/a,n/a,n/a,n/a
258.63818350737716,grab,Did Not Pick Up,n/a,n/a,n/a,n/a,n/a
259.3723130637289,release,Did Not Snap,n/a,n/a,n/a,n/a,n/a
260.2225648554718,grab,Did Not Pick Up,n/a,n/a,n/a,n/a,n/a
260.9728677860558,release,Did Not Snap,n/a,n/a,n/a,n/a,n/a
262.3572001348836,grab,Did Not Pick Up,n/a,n/a,n/a,n/a,n/a
262.95782507141206,release,Did Not Snap,n/a,n/a,n/a,n/a,n/a
266.16160717595164,grab,Picked Up,n/a,n/a,n/a,n/a,n/a
271.8995457773993,release,Did Not Snap,n/a,n/a,n/a,n/a,n/a
272.31705087094235,grab,Picked Up,n/a,n/a,n/a,n/a,n/a
275.33508446949253,release,Snapped!,n/a,n/a,n/a,14.582862091160749,0.10035173450412142
275.3353077687343,2,MOVE SOMEWHERE AND SOMETHING,0.0,0.5,0.0,n/a,n/a
278.30549747063134,grab,Picked Up,n/a,n/a,n/a,n/a,n/a
282.02447251204416,release,Did Not Snap,n/a,n/a,n/a,n/a,n/a
282.5080657433951,grab,Picked Up,n/a,n/a,n/a,n/a,n/a
283.30869718905126,release,Did Not Snap,n/a,n/a,n/a,n/a,n/a
283.6423035441296,grab,Picked Up,n/a,n/a,n/a,n/a,n/a
288.54730945508055,release,Did Not Snap,n/a,n/a,n/a,n/a,n/a
288.9813251318324,grab,Picked Up,n/a,n/a,n/a,n/a,n/a
290.3655628572298,release,Did Not Snap,n/a,n/a,n/a,n/a,n/a
290.5994117074497,grab,Picked Up,n/a,n/a,n/a,n/a,n/a
295.26884173990186,release,Did Not Snap,n/a,n/a,n/a,n/a,n/a
295.569350084694,grab,Picked Up,n/a,n/a,n/a,n/a,n/a
296.30342057673886,release,Did Not Snap,n/a,n/a,n/a,n/a,n/a
296.77070301893946,grab,Picked Up,n/a,n/a,n/a,n/a,n/a
298.40589745050124,release,Snapped!,n/a,n/a,n/a,5.545592374915468,0.06421123043009073
298.4067315831615,2,MOVE SOMEWHERE AND SOMETHING,0.0,0.5,0.0,n/a,n/a
304.027699653178,grab,Picked Up,n/a,n/a,n/a,n/a,n/a
307.280195044806,release,Snapped!,n/a,n/a,n/a,2.924941585545422,0.02534007227878455
307.28104786107355,2,MOVE SOMEWHERE AND SOMETHING,0.0,0.5,0.0,n/a,n/a
308.281352223063,FINISHED,FINISHED,n/a,n/a,n/a,n/a,n/a
