timestamp,event,event result,x,y,z,angular offset,positional offset
9.0404551326732e-07,1,MOVE SOMEWHERE AND SOMETHING,0.0,0.5,-1.0,n/a,n/a
10.677566743420131,grab,Did Not Pick Up,n/a,n/a,n/a,n/a,n/a
11.344703513753696,release,Did Not Snap,n/a,n/a,n/a,n/a,n/a
13.146298671927006,grab,Did Not Pick Up,n/a,n/a,n/a,n/a,n/a
13.696674348040045,release,Did Not Snap,n/a,n/a,n/a,n/a,n/a
20.25299442475132,grab,Did Not Pick Up,n/a,n/a,n/a,n/a,n/a
20.98635011814368,release,Did Not Snap,n/a,n/a,n/a,n/a,n/a
24.489783833677322,grab,Picked Up,n/a,n/a,n/a,n/a,n/a
26.72487273299287,release,Snapped!,n/a,n/a,n/a,31.543608921768495,0.12087451699885517
26.72682697804405,1,MOVE SOMEWHERE AND SOMETHING,-0.5,0.5,0.0,n/a,n/a
33.33068387728245,grab,Picked Up,n/a,n/a,n/a,n/a,n/a
35.36552579136377,release,Snapped!,n/a,n/a,n/a,5.983973046960516,0.11133237932531453
35.36633400805263,1,MOVE SOMEWHERE AND SOMETHING,0.0,0.5,1.0,n/a,n/a
39.90270752590769,grab,Did Not Pick Up,n/a,n/a,n/a,n/a,n/a
40.73672627641432,release,Did Not Snap,n/a,n/a,n/a,n/a,n/a
42.13795192105151,grab,Did Not Pick Up,n/a,n/a,n/a,n/a,n/a
42.82203231239473,release,Did Not Snap,n/a,n/a,n/a,n/a,n/a
44.02339549248934,grab,Picked Up,n/a,n/a,n/a,n/a,n/a
47.39254831445234,release,Snapped!,n/a,n/a,n/a,8.49267801748988,0.04566466138146453
47.39337943362754,1,MOVE SOMEWHERE AND SOMETHING,1.0,0.5,0.0,n/a,n/a
52.7471565508494,grab,Did Not Pick Up,n/a,n/a,n/a,n/a,n/a
53.34768354911393,release,Did Not Snap,n/a,n/a,n/a,n/a,n/a
54.41523021368321,grab,Did Not Pick Up,n/a,n/a,n/a,n/a,n/a
55.89979077373338,release,Did Not Snap,n/a,n/a,n/a,n/a,n/a
56.3328406285286,grab,Picked Up,n/a,n/a,n/a,n/a,n/a
61.388003677657146,release,Snapped!,n/a,n/a,n/a,14.903421874896937,0.06739109066977282
61.38880767546695,1,MOVE SOMEWHERE AND SOMETHING,0.0,1.0,0.0,n/a,n/a
66.47492012004518,grab,Picked Up,n/a,n/a,n/a,n/a,n/a
70.14559321507815,release,Snapped!,n/a,n/a,n/a,8.627731872322823,0.386103263807118
70.14640504794907,1,MOVE SOMEWHERE AND SOMETHING,0.0,0.75,0.0,n/a,n/a
75.55022439916382,grab,Did Not Pick Up,n/a,n/a,n/a,n/a,n/a
76.60020937694087,release,Did Not Snap,n/a,n/a,n/a,n/a,n/a
77.55190532112148,grab,Did Not Pick Up,n/a,n/a,n/a,n/a,n/a
78.2858429184759,release,Did Not Snap,n/a,n/a,n/a,n/a,n/a
79.58739181965377,grab,Picked Up,n/a,n/a,n/a,n/a,n/a
83.14021504831973,release,Snapped!,n/a,n/a,n/a,8.401131527002057,0.1276072558701146
83.14106063222313,1,MOVE SOMEWHERE AND SOMETHING,0.0,0.5,0.5,n/a,n/a
86.67573364046773,grab,Did Not Pick Up,n/a,n/a,n/a,n/a,n/a
87.97757876722545,release,Did Not Snap,n/a,n/a,n/a,n/a,n/a
88.1777585517432,grab,Did Not Pick Up,n/a,n/a,n/a,n/a,n/a
89.67903491333368,release,Did Not Snap,n/a,n/a,n/a,n/a,n/a
91.48099651128837,grab,Picked Up,n/a,n/a,n/a,n/a,n/a
92.99865899915532,release,Snapped!,n/a,n/a,n/a,2.0705578711566486,0.1105589138982813
92.99949252911856,1,MOVE SOMEWHERE AND SOMETHING,0.5,0.5,0.0,n/a,n/a
96.41824430142445,grab,Did Not Pick Up,n/a,n/a,n/a,n/a,n/a
97.05207061077616,release,Did Not Snap,n/a,n/a,n/a,n/a,n/a
98.48701805710374,grab,Picked Up,n/a,n/a,n/a,n/a,n/a
100.70532636495052,release,Snapped!,n/a,n/a,n/a,8.523373257388712,0.08067652165874481
100.70616351109581,1,MOVE SOMEWHERE AND SOMETHING,0.0,0.5,-0.5,n/a,n/a
104.32503901709761,grab,Did Not Pick Up,n/a,n/a,n/a,n/a,n/a
104.99232314684984,release,Did Not Snap,n/a,n/a,n/a,n/a,n/a
106.54400336063853,grab,Picked Up,n/a,n/a,n/a,n/a,n/a
107.6112293903991,release,Did Not Snap,n/a,n/a,n/a,n/a,n/a
108.12868244105547,grab,Picked Up,n/a,n/a,n/a,n/a,n/a
109.3293992286081,release,Snapped!,n/a,n/a,n/a,16.009773158412756,0.026978804608565304
109.33024330576899,1,MOVE SOMEWHERE AND SOMETHING,0.0,0.0,0.0,n/a,n/a
113.51677320843041,grab,Picked Up,n/a,n/a,n/a,n/a,n/a
115.51805665171074,release,Did Not Snap,n/a,n/a,n/a,n/a,n/a
116.00217633889893,grab,Picked Up,n/a,n/a,n/a,n/a,n/a
123.30819122491236,release,Did Not Snap,n/a,n/a,n/a,n/a,n/a
123.6421034487227,grab,Picked Up,n/a,n/a,n/a,n/a,n/a
124.47585399906039,release,Snapped!,n/a,n/a,n/a,8.628914734492678,0.11970125188811213
124.47666764002234,1,MOVE SOMEWHERE AND SOMETHING,-1.0,0.5,0.0,n/a,n/a
128.47961844457765,grab,Picked Up,n/a,n/a,n/a,n/a,n/a
131.0481404235815,release,Did Not Snap,n/a,n/a,n/a,n/a,n/a
131.38213310744248,grab,Picked Up,n/a,n/a,n/a,n/a,n/a
134.05083508190802,release,Did Not Snap,n/a,n/a,n/a,n/a,n/a
134.41809603796028,grab,Picked Up,n/a,n/a,n/a,n/a,n/a
136.03599487345923,release,Snapped!,n/a,n/a,n/a,5.627954321097156,0.01868411381291725
136.03680158340558,1,MOVE SOMEWHERE AND SOMETHING,0.0,0.25,0.0,n/a,n/a
137.03697184531057,FINISHED,FINISHED,n/a,n/a,n/a,n/a,n/a
