timestamp,event,event result,x,y,z,angular offset,positional offset
9.0404551326732e-07,1,MOVE SOMEWHERE AND SOMETHING,0.0,0.5,-1.0,n/a,n/a
25.374868499046382,grab,Picked Up,n/a,n/a,n/a,n/a,n/a
57.503345420421844,release,Did Not Snap,n/a,n/a,n/a,n/a,n/a
58.73747301800829,grab,Picked Up,n/a,n/a,n/a,n/a,n/a
66.39346893413335,release,Did Not Snap,n/a,n/a,n/a,n/a,n/a
68.8292797439261,grab,Did Not Pick Up,n/a,n/a,n/a,n/a,n/a
69.72981032823783,release,Did Not Snap,n/a,n/a,n/a,n/a,n/a
71.61482960098144,grab,Picked Up,n/a,n/a,n/a,n/a,n/a
78.57148664559035,release,Did Not Snap,n/a,n/a,n/a,n/a,n/a
79.0223775372414,grab,Picked Up,n/a,n/a,n/a,n/a,n/a
79.9727104821365,release,Did Not Snap,n/a,n/a,n/a,n/a,n/a
80.39010015920242,grab,Picked Up,n/a,n/a,n/a,n/a,n/a
93.26756010471257,release,Did Not Snap,n/a,n/a,n/a,n/a,n/a
93.68509111422705,grab,Picked Up,n/a,n/a,n/a,n/a,n/a
94.48509304285749,release,Did Not Snap,n/a,n/a,n/a,n/a,n/a
94.8688359540106,grab,Picked Up,n/a,n/a,n/a,n/a,n/a
97.4211776277665,release,Did Not Snap,n/a,n/a,n/a,n/a,n/a
98.47239029935056,grab,Picked Up,n/a,n/a,n/a,n/a,n/a
101.42408142195511,release,Did Not Snap,n/a,n/a,n/a,n/a,n/a
102.6248440144804,grab,Picked Up,n/a,n/a,n/a,n/a,n/a
103.47554602088887,release,Did Not Snap,n/a,n/a,n/a,n/a,n/a
104.99351588423035,grab,Picked Up,n/a,n/a,n/a,n/a,n/a
106.21218822107046,release,Snapped!,n/a,n/a,n/a,3.8602152928516364,0.13269435798761356
106.2139480963363,1,MOVE SOMEWHERE AND SOMETHING,-0.5,0.5,0.0,n/a,n/a
116.48748785942213,grab,Did Not Pick Up,n/a,n/a,n/a,n/a,n/a
117.40499159689695,release,Did Not Snap,n/a,n/a,n/a,n/a,n/a
119.30680863797407,grab,Did Not Pick Up,n/a,n/a,n/a,n/a,n/a
120.19082743368298,release,Did Not Snap,n/a,n/a,n/a,n/a,n/a
123.97655809984097,grab,Did Not Pick Up,n/a,n/a,n/a,n/a,n/a
124.82809212947016,release,Did Not Snap,n/a,n/a,n/a,n/a,n/a
125.67890442943126,grab,Did Not Pick Up,n/a,n/a,n/a,n/a,n/a
126.3626114499775,release,Did Not Snap,n/a,n/a,n/a,n/a,n/a
127.31366642588921,grab,Did Not Pick Up,n/a,n/a,n/a,n/a,n/a
127.82997254413776,release,Did Not Snap,n/a,n/a,n/a,n/a,n/a
131.3663801143738,grab,Picked Up,n/a,n/a,n/a,n/a,n/a
135.12084587319796,release,Did Not Snap,n/a,n/a,n/a,n/a,n/a
135.6216340502113,grab,Picked Up,n/a,n/a,n/a,n/a,n/a
138.6901034439011,release,Did Not Snap,n/a,n/a,n/a,n/a,n/a
139.1408737961504,grab,Picked Up,n/a,n/a,n/a,n/a,n/a
140.20810735962357,release,Did Not Snap,n/a,n/a,n/a,n/a,n/a
140.57458812439788,grab,Picked Up,n/a,n/a,n/a,n/a,n/a
147.38037383487367,release,Did Not Snap,n/a,n/a,n/a,n/a,n/a
147.81413336539683,grab,Picked Up,n/a,n/a,n/a,n/a,n/a
148.93156104250912,release,Did Not Snap,n/a,n/a,n/a,n/a,n/a
149.48216875697057,grab,Picked Up,n/a,n/a,n/a,n/a,n/a
151.3848389156637,release,Did Not Snap,n/a,n/a,n/a,n/a,n/a
151.86854846753738,grab,Picked Up,n/a,n/a,n/a,n/a,n/a
154.37032928652428,release,Did Not Snap,n/a,n/a,n/a,n/a,n/a
155.08841776063707,grab,Picked Up,n/a,n/a,n/a,n/a,n/a
159.49143311404202,release,Did Not Snap,n/a,n/a,n/a,n/a,n/a
159.80877508763967,grab,Picked Up,n/a,n/a,n/a,n/a,n/a
162.32632215902944,release,Did Not Snap,n/a,n/a,n/a,n/a,n/a
162.62661021806483,grab,Picked Up,n/a,n/a,n/a,n/a,n/a
163.5783661305978,release,Did Not Snap,n/a,n/a,n/a,n/a,n/a
163.9289555833399,grab,Picked Up,n/a,n/a,n/a,n/a,n/a
165.31308060439662,release,Did Not Snap,n/a,n/a,n/a,n/a,n/a
165.6474801087386,grab,Picked Up,n/a,n/a,n/a,n/a,n/a
167.8146094960338,release,Did Not Snap,n/a,n/a,n/a,n/a,n/a
168.11516756332915,grab,Picked Up,n/a,n/a,n/a,n/a,n/a
172.35250813866972,release,Did Not Snap,n/a,n/a,n/a,n/a,n/a
173.90424349923472,grab,Picked Up,n/a,n/a,n/a,n/a,n/a
176.87321967070443,release,Snapped!,n/a,n/a,n/a,16.433812903557712,0.06790864941734967
176.87403029818134,1,MOVE SOMEWHERE AND SOMETHING,0.0,0.5,1.0,n/a,n/a
184.09535510455737,grab,Picked Up,n/a,n/a,n/a,n/a,n/a
186.9311029927824,release,Did Not Snap,n/a,n/a,n/a,n/a,n/a
187.46601045016342,grab,Picked Up,n/a,n/a,n/a,n/a,n/a
202.795611883618,release,Snapped!,n/a,n/a,n/a,12.06572703031786,0.011876142514549513
202.79629956090508,1,MOVE SOMEWHERE AND SOMETHING,1.0,0.5,0.0,n/a,n/a
207.29875389379936,grab,Picked Up,n/a,n/a,n/a,n/a,n/a
213.32124805291198,release,Did Not Snap,n/a,n/a,n/a,n/a,n/a
213.7553270128498,grab,Picked Up,n/a,n/a,n/a,n/a,n/a
215.3230000931167,release,Did Not Snap,n/a,n/a,n/a,n/a,n/a
215.72370470618972,grab,Picked Up,n/a,n/a,n/a,n/a,n/a
223.53013108358593,release,Did Not Snap,n/a,n/a,n/a,n/a,n/a
223.91306698344422,grab,Picked Up,n/a,n/a,n/a,n/a,n/a
225.78184327045093,release,Did Not Snap,n/a,n/a,n/a,n/a,n/a
226.51557745756486,grab,Picked Up,n/a,n/a,n/a,n/a,n/a
227.6495793024204,release,Did Not Snap,n/a,n/a,n/a,n/a,n/a
227.9503799552618,grab,Picked Up,n/a,n/a,n/a,n/a,n/a
237.19133309647341,release,Did Not Snap,n/a,n/a,n/a,n/a,n/a
237.4918330035074,grab,Picked Up,n/a,n/a,n/a,n/a,n/a
252.4050563868254,release,Did Not Snap,n/a,n/a,n/a,n/a,n/a
252.7557302171487,grab,Picked Up,n/a,n/a,n/a,n/a,n/a
254.2065951928284,release,Did Not Snap,n/a,n/a,n/a,n/a,n/a
254.55743114864708,grab,Picked Up,n/a,n/a,n/a,n/a,n/a
257.9592932413256,release,Did Not Snap,n/a,n/a,n/a,n/a,n/a
258.2093546410834,grab,Picked Up,n/a,n/a,n/a,n/a,n/a
270.68751516159665,release,Did Not Snap,n/a,n/a,n/a,n/a,n/a
270.954549413169,grab,Picked Up,n/a,n/a,n/a,n/a,n/a
272.7392663429581,release,Did Not Snap,n/a,n/a,n/a,n/a,n/a
272.93982040231833,grab,Picked Up,n/a,n/a,n/a,n/a,n/a
274.24055716927677,release,Did Not Snap,n/a,n/a,n/a,n/a,n/a
274.4744382637866,grab,Picked Up,n/a,n/a,n/a,n/a,n/a
279.3775414602806,release,Did Not Snap,n/a,n/a,n/a,n/a,n/a
279.5611329136754,grab,Picked Up,n/a,n/a,n/a,n/a,n/a
283.4479150751699,release,Did Not Snap,n/a,n/a,n/a,n/a,n/a
283.76478001408503,grab,Picked Up,n/a,n/a,n/a,n/a,n/a
285.032436550319,release,Did Not Snap,n/a,n/a,n/a,n/a,n/a
285.36629995567165,grab,Picked Up,n/a,n/a,n/a,n/a,n/a
290.10473759024256,release,Did Not Snap,n/a,n/a,n/a,n/a,n/a
290.4049183692104,grab,Picked Up,n/a,n/a,n/a,n/a,n/a
291.83919109623656,release,Did Not Snap,n/a,n/a,n/a,n/a,n/a
292.006269856983,grab,Picked Up,n/a,n/a,n/a,n/a,n/a
294.44137822341196,release,Did Not Snap,n/a,n/a,n/a,n/a,n/a
294.775643929018,grab,Picked Up,n/a,n/a,n/a,n/a,n/a
300.0962046059914,release,Did Not Snap,n/a,n/a,n/a,n/a,n/a
300.44689561317944,grab,Picked Up,n/a,n/a,n/a,n/a,n/a
301.4799544481601,release,Did Not Snap,n/a,n/a,n/a,n/a,n/a
301.7304079023221,grab,Picked Up,n/a,n/a,n/a,n/a,n/a
311.03907887405353,release,Did Not Snap,n/a,n/a,n/a,n/a,n/a
311.2062353827141,grab,Picked Up,n/a,n/a,n/a,n/a,n/a
314.4753685266198,release,Snapped!,n/a,n/a,n/a,16.609935780627424,0.06750489425936552
314.47621169973513,1,MOVE SOMEWHERE AND SOMETHING,0.0,1.0,0.0,n/a,n/a
324.4332047479265,grab,Picked Up,n/a,n/a,n/a,n/a,n/a
329.0046070159356,release,Did Not Snap,n/a,n/a,n/a,n/a,n/a
329.48867306309,grab,Picked Up,n/a,n/a,n/a,n/a,n/a
330.2056296722202,release,Snapped!,n/a,n/a,n/a,4.248844834402359,0.13953316546532898
330.20645717521336,1,MOVE SOMEWHERE AND SOMETHING,0.0,0.75,0.0,n/a,n/a
334.84228353458894,grab,Picked Up,n/a,n/a,n/a,n/a,n/a
335.5926949506346,release,Did Not Snap,n/a,n/a,n/a,n/a,n/a
336.1940021401771,grab,Picked Up,n/a,n/a,n/a,n/a,n/a
339.1300849169951,release,Snapped!,n/a,n/a,n/a,3.313604916562922,0.12843341630701555
339.1310224121923,1,MOVE SOMEWHERE AND SOMETHING,0.0,0.5,0.5,n/a,n/a
342.64909172054024,grab,Picked Up,n/a,n/a,n/a,n/a,n/a
345.05181808072945,release,Snapped!,n/a,n/a,n/a,9.222489766372231,0.07204162012929531
345.0526284068578,1,MOVE SOMEWHERE AND SOMETHING,0.5,0.5,0.0,n/a,n/a
351.3404677591755,grab,Did Not Pick Up,n/a,n/a,n/a,n/a,n/a
352.2412942677186,release,Did Not Snap,n/a,n/a,n/a,n/a,n/a
356.611088961996,grab,Did Not Pick Up,n/a,n/a,n/a,n/a,n/a
357.3718833407616,release,Did Not Snap,n/a,n/a,n/a,n/a,n/a
359.9636811768985,grab,Did Not Pick Up,n/a,n/a,n/a,n/a,n/a
360.64810359879425,release,Did Not Snap,n/a,n/a,n/a,n/a,n/a
362.61618476520584,grab,Did Not Pick Up,n/a,n/a,n/a,n/a,n/a
363.3167492210895,release,Did Not Snap,n/a,n/a,n/a,n/a,n/a
365.10279268699503,grab,Picked Up,n/a,n/a,n/a,n/a,n/a
367.58788271636746,release,Did Not Snap,n/a,n/a,n/a,n/a,n/a
367.92192783486826,grab,Picked Up,n/a,n/a,n/a,n/a,n/a
370.79066313847835,release,Did Not Snap,n/a,n/a,n/a,n/a,n/a
371.05793666076323,grab,Picked Up,n/a,n/a,n/a,n/a,n/a
374.17643985068787,release,Did Not Snap,n/a,n/a,n/a,n/a,n/a
374.57666682638137,grab,Picked Up,n/a,n/a,n/a,n/a,n/a
375.4438809227412,release,Did Not Snap,n/a,n/a,n/a,n/a,n/a
375.77758401068945,grab,Picked Up,n/a,n/a,n/a,n/a,n/a
382.80043436373427,release,Did Not Snap,n/a,n/a,n/a,n/a,n/a
383.2008945831702,grab,Picked Up,n/a,n/a,n/a,n/a,n/a
384.68609249530726,release,Snapped!,n/a,n/a,n/a,11.292201037537348,0.10817417871504062
384.68696037899997,1,MOVE SOMEWHERE AND SOMETHING,0.0,0.5,-0.5,n/a,n/a
390.3746150649542,grab,Picked Up,n/a,n/a,n/a,n/a,n/a
392.6929575155865,release,Snapped!,n/a,n/a,n/a,7.784467493817198,0.03256525013954134
392.69379888061087,1,MOVE SOMEWHERE AND SOMETHING,0.0,0.0,0.0,n/a,n/a
395.8449546877321,grab,Picked Up,n/a,n/a,n/a,n/a,n/a
399.1148457231264,release,Snapped!,n/a,n/a,n/a,7.827677175474873,0.13382042799070965
399.11548699274385,1,MOVE SOMEWHERE AND SOMETHING,-1.0,0.5,0.0,n/a,n/a
401.83346909083457,grab,Did Not Pick Up,n/a,n/a,n/a,n/a,n/a
402.83446173280817,release,Did Not Snap,n/a,n/a,n/a,n/a,n/a
404.7363001696291,grab,Picked Up,n/a,n/a,n/a,n/a,n/a
407.55579271682853,release,Did Not Snap,n/a,n/a,n/a,n/a,n/a
407.8897733467494,grab,Picked Up,n/a,n/a,n/a,n/a,n/a
413.09387216856715,release,Did Not Snap,n/a,n/a,n/a,n/a,n/a
413.3445742352453,grab,Picked Up,n/a,n/a,n/a,n/a,n/a
422.66827466228625,release,Did Not Snap,n/a,n/a,n/a,n/a,n/a
423.085312966996,grab,Picked Up,n/a,n/a,n/a,n/a,n/a
424.1033631397139,release,Did Not Snap,n/a,n/a,n/a,n/a,n/a
424.45315974454087,grab,Picked Up,n/a,n/a,n/a,n/a,n/a
427.0556316460529,release,Snapped!,n/a,n/a,n/a,12.414537145730048,0.09349206067052682
427.0561562937991,1,MOVE SOMEWHERE AND SOMETHING,0.0,0.25,0.0,n/a,n/a
428.0570877620263,FINISHED,FINISHED,n/a,n/a,n/a,n/a,n/a
