timestamp,event,event result,x,y,z,angular offset,positional offset
323.47973446375187,3,MOVE SOMEWHERE AND SOMETHING,0.0,0.0,0.0,n/a,n/a
332.7188038754623,grab,Did Not Pick Up,n/a,n/a,n/a,n/a,n/a
333.41949580176333,release,Did Not Snap,n/a,n/a,n/a,n/a,n/a
334.66980701943123,grab,Did Not Pick Up,n/a,n/a,n/a,n/a,n/a
335.5706919895842,release,Did Not Snap,n/a,n/a,n/a,n/a,n/a
336.88823767477083,grab,Picked Up,n/a,n/a,n/a,n/a,n/a
339.74154664709107,release,Snapped!,n/a,n/a,n/a,16.00271671316361,0.11672076685365756
339.74249770297104,3,MOVE SOMEWHERE AND SOMETHING,0.0,1.0,0.0,n/a,n/a
342.4266022021946,grab,Did Not Pick Up,n/a,n/a,n/a,n/a,n/a
343.5773026717257,release,Did Not Snap,n/a,n/a,n/a,n/a,n/a
343.8110578025607,grab,Did Not Pick Up,n/a,n/a,n/a,n/a,n/a
344.4450197187394,release,Did Not Snap,n/a,n/a,n/a,n/a,n/a
347.5980984306674,grab,Did Not Pick Up,n/a,n/a,n/a,n/a,n/a
348.16543520600334,release,Did Not Snap,n/a,n/a,n/a,n/a,n/a
350.6846641033963,grab,Picked Up,n/a,n/a,n/a,n/a,n/a
360.05913572646233,release,Snapped!,n/a,n/a,n/a,29.1506152960995,0.0996653630127817
360.05997287260766,3,MOVE SOMEWHERE AND SOMETHING,0.0,0.5,1.0,n/a,n/a
362.5777140124342,grab,Did Not Pick Up,n/a,n/a,n/a,n/a,n/a
363.4111544751609,release,Did Not Snap,n/a,n/a,n/a,n/a,n/a
363.74511581877744,grab,Picked Up,n/a,n/a,n/a,n/a,n/a
365.41281249463225,release,Did Not Snap,n/a,n/a,n/a,n/a,n/a
365.9312123822895,grab,Picked Up,n/a,n/a,n/a,n/a,n/a
366.8818304028698,release,Did Not Snap,n/a,n/a,n/a,n/a,n/a
367.1659586483555,grab,Picked Up,n/a,n/a,n/a,n/a,n/a
369.7176548336149,release,Snapped!,n/a,n/a,n/a,24.77902628132721,0.09986141015539159
369.71836390664583,3,MOVE SOMEWHERE AND SOMETHING,0.0,0.5,-0.5,n/a,n/a
374.6713628817596,grab,Did Not Pick Up,n/a,n/a,n/a,n/a,n/a
375.388163693713,release,Did Not Snap,n/a,n/a,n/a,n/a,n/a
376.1722206702774,grab,Did Not Pick Up,n/a,n/a,n/a,n/a,n/a
376.90613114626643,release,Did Not Snap,n/a,n/a,n/a,n/a,n/a
380.02681368857503,grab,Picked Up,n/a,n/a,n/a,n/a,n/a
384.896664885697,release,Did Not Snap,n/a,n/a,n/a,n/a,n/a
385.29725980791443,grab,Picked Up,n/a,n/a,n/a,n/a,n/a
386.1143147470616,release,Did Not Snap,n/a,n/a,n/a,n/a,n/a
386.5487227795663,grab,Picked Up,n/a,n/a,n/a,n/a,n/a
391.7698697903247,release,Snapped!,n/a,n/a,n/a,23.512638431094558,0.091842054813032
391.77068915690825,3,MOVE SOMEWHERE AND SOMETHING,0.0,0.25,0.0,n/a,n/a
391.9866457410265,grab,Did Not Pick Up,n/a,n/a,n/a,n/a,n/a
392.2368144208519,release,Did Not Snap,n/a,n/a,n/a,n/a,n/a
393.93836880657256,grab,Did Not Pick Up,n/a,n/a,n/a,n/a,n/a
394.95499510760703,release,Did Not Snap,n/a,n/a,n/a,n/a,n/a
396.2562637546758,grab,Did Not Pick Up,n/a,n/a,n/a,n/a,n/a
396.95723955126795,release,Did Not Snap,n/a,n/a,n/a,n/a,n/a
399.4427593036077,grab,Picked Up,n/a,n/a,n/a,n/a,n/a
402.3789541820693,release,Did Not Snap,n/a,n/a,n/a,n/a,n/a
402.6450961407201,grab,Picked Up,n/a,n/a,n/a,n/a,n/a
410.519369928493,release,Snapped!,n/a,n/a,n/a,14.62770550980882,0.059622126723106544
410.5202058692443,3,MOVE SOMEWHERE AND SOMETHING,-1.0,0.5,0.0,n/a,n/a
412.52117892356506,grab,Did Not Pick Up,n/a,n/a,n/a,n/a,n/a
413.204046989875,release,Did Not Snap,n/a,n/a,n/a,n/a,n/a
414.79011920442787,grab,Picked Up,n/a,n/a,n/a,n/a,n/a
416.67384960961806,release,Did Not Snap,n/a,n/a,n/a,n/a,n/a
416.95856006041436,grab,Picked Up,n/a,n/a,n/a,n/a,n/a
419.50983797394963,release,Snapped!,n/a,n/a,n/a,11.860948294295245,0.029179850906870454
419.5100932161329,3,MOVE SOMEWHERE AND SOMETHING,-0.5,0.5,0.0,n/a,n/a
421.5114462709177,grab,Did Not Pick Up,n/a,n/a,n/a,n/a,n/a
423.44635921284157,release,Did Not Snap,n/a,n/a,n/a,n/a,n/a
423.6133737863566,grab,Picked Up,n/a,n/a,n/a,n/a,n/a
432.50414429530707,release,Did Not Snap,n/a,n/a,n/a,n/a,n/a
432.92136250507394,grab,Picked Up,n/a,n/a,n/a,n/a,n/a
434.28932801392955,release,Did Not Snap,n/a,n/a,n/a,n/a,n/a
434.53963651946094,grab,Picked Up,n/a,n/a,n/a,n/a,n/a
436.2580356838818,release,Snapped!,n/a,n/a,n/a,13.958895870692826,0.053560743357251264
436.2587266760024,3,MOVE SOMEWHERE AND SOMETHING,0.0,0.5,0.5,n/a,n/a
440.54444122001547,grab,Did Not Pick Up,n/a,n/a,n/a,n/a,n/a
441.97908249626255,release,Did Not Snap,n/a,n/a,n/a,n/a,n/a
442.61297811577026,grab,Did Not Pick Up,n/a,n/a,n/a,n/a,n/a
443.3808650329359,release,Did Not Snap,n/a,n/a,n/a,n/a,n/a
444.29895097572125,grab,Picked Up,n/a,n/a,n/a,n/a,n/a
453.2554296220156,release,Snapped!,n/a,n/a,n/a,8.092926212253774,0.10276890460711416
453.25566166036396,3,MOVE SOMEWHERE AND SOMETHING,0.0,0.75,0.0,n/a,n/a
465.967633362534,grab,Did Not Pick Up,n/a,n/a,n/a,n/a,n/a
466.6512005573742,release,Did Not Snap,n/a,n/a,n/a,n/a,n/a
467.501923055481,grab,Did Not Pick Up,n/a,n/a,n/a,n/a,n/a
468.13580210082097,release,Did Not Snap,n/a,n/a,n/a,n/a,n/a
471.82188103544553,grab,Picked Up,n/a,n/a,n/a,n/a,n/a
477.9109524209887,release,Did Not Snap,n/a,n/a,n/a,n/a,n/a
478.3282498854122,grab,Picked Up,n/a,n/a,n/a,n/a,n/a
481.16313079399004,release,Snapped!,n/a,n/a,n/a,6.612301769192523,0.1233577735274051
481.16340471978054,3,MOVE SOMEWHERE AND SOMETHING,1.0,0.5,0.0,n/a,n/a
484.23394015881667,grab,Picked Up,n/a,n/a,n/a,n/a,n/a
492.43957706340103,release,Did Not Snap,n/a,n/a,n/a,n/a,n/a
492.9397833364523,grab,Picked Up,n/a,n/a,n/a,n/a,n/a
493.62375705042496,release,Did Not Snap,n/a,n/a,n/a,n/a,n/a
493.9408335359902,grab,Picked Up,n/a,n/a,n/a,n/a,n/a
497.527000675322,release,Snapped!,n/a,n/a,n/a,14.311086537641238,0.08849004916491246
497.52723120692787,3,MOVE SOMEWHERE AND SOMETHING,0.5,0.5,0.0,n/a,n/a
501.41389674655113,grab,Did Not Pick Up,n/a,n/a,n/a,n/a,n/a
502.5816240092791,release,Did Not Snap,n/a,n/a,n/a,n/a,n/a
502.73199631028893,grab,Did Not Pick Up,n/a,n/a,n/a,n/a,n/a
503.91630015154817,release,Did Not Snap,n/a,n/a,n/a,n/a,n/a
504.0664660288324,grab,Did Not Pick Up,n/a,n/a,n/a,n/a,n/a
505.55160909554166,release,Did Not Snap,n/a,n/a,n/a,n/a,n/a
505.78545312418544,grab,Picked Up,n/a,n/a,n/a,n/a,n/a
508.6041519194242,release,Did Not Snap,n/a,n/a,n/a,n/a,n/a
508.77124363815636,grab,Picked Up,n/a,n/a,n/a,n/a,n/a
511.8063721346654,release,Did Not Snap,n/a,n/a,n/a,n/a,n/a
512.2069119101066,grab,Picked Up,n/a,n/a,n/a,n/a,n/a
518.5620740250547,release,Snapped!,n/a,n/a,n/a,13.355483381842149,0.07916077052706126
518.5623557859063,3,MOVE SOMEWHERE AND SOMETHING,0.0,0.5,-1.0,n/a,n/a
519.5630401483598,FINISHED,FINISHED,n/a,n/a,n/a,n/a,n/a
