timestamp,event,event result,x,y,z,angular offset,positional offset
441.20567909337495,2,MOVE SOMEWHERE AND SOMETHING,0.0,0.5,0.0,n/a,n/a
450.4261345093157,grab,Did Not Pick Up,n/a,n/a,n/a,n/a,n/a
451.2267843372307,release,Did Not Snap,n/a,n/a,n/a,n/a,n/a
452.2280668764655,grab,Picked Up,n/a,n/a,n/a,n/a,n/a
456.3641160830601,release,Did Not Snap,n/a,n/a,n/a,n/a,n/a
456.8309181757446,grab,Picked Up,n/a,n/a,n/a,n/a,n/a
459.83418358813856,release,Did Not Snap,n/a,n/a,n/a,n/a,n/a
460.16739276588805,grab,Picked Up,n/a,n/a,n/a,n/a,n/a
466.5564999817684,release,Did Not Snap,n/a,n/a,n/a,n/a,n/a
466.8573536719466,grab,Picked Up,n/a,n/a,n/a,n/a,n/a
472.4285440919571,release,Snapped!,n/a,n/a,n/a,27.176847969173824,0.13807677010688343
472.4293673760712,2,MOVE SOMEWHERE AND SOMETHING,0.0,0.5,0.0,n/a,n/a
478.3839270350893,grab,Picked Up,n/a,n/a,n/a,n/a,n/a
480.5516063834051,release,Snapped!,n/a,n/a,n/a,4.019368205883776,0.022535195956572277
480.5518857334687,2,MOVE SOMEWHERE AND SOMETHING,0.0,0.5,0.0,n/a,n/a
483.3204600265729,grab,Picked Up,n/a,n/a,n/a,n/a,n/a
486.5402600095166,release,Snapped!,n/a,n/a,n/a,16.29591012401683,0.07625727029670146
486.54069545810546,2,MOVE SOMEWHERE AND SOMETHING,0.0,0.5,0.0,n/a,n/a
490.1107850520293,grab,Picked Up,n/a,n/a,n/a,n/a,n/a
496.2495732151806,release,Snapped!,n/a,n/a,n/a,36.04879474351752,0.09872060945005677
496.2504694256328,2,MOVE SOMEWHERE AND SOMETHING,0.0,0.5,0.0,n/a,n/a
499.60146780829535,grab,Picked Up,n/a,n/a,n/a,n/a,n/a
501.68658248797544,release,Did Not Snap,n/a,n/a,n/a,n/a,n/a
501.953490775873,grab,Picked Up,n/a,n/a,n/a,n/a,n/a
504.97256914968796,release,Snapped!,n/a,n/a,n/a,6.324496347461993,0.10186494322945888
504.9728108311885,2,MOVE SOMEWHERE AND SOMETHING,0.0,0.5,0.0,n/a,n/a
507.9592986655987,grab,Did Not Pick Up,n/a,n/a,n/a,n/a,n/a
508.8600190994682,release,Did Not Snap,n/a,n/a,n/a,n/a,n/a
511.3291108380894,grab,Picked Up,n/a,n/a,n/a,n/a,n/a
514.2971965247285,release,Did Not Snap,n/a,n/a,n/a,n/a,n/a
514.5643202768067,grab,Picked Up,n/a,n/a,n/a,n/a,n/a
521.8205656492237,release,Did Not Snap,n/a,n/a,n/a,n/a,n/a
522.2210602223892,grab,Picked Up,n/a,n/a,n/a,n/a,n/a
527.3090328912853,release,Snapped!,n/a,n/a,n/a,23.795418324317502,0.10778140559558902
527.30936437464,2,MOVE SOMEWHERE AND SOMETHING,0.0,0.5,0.0,n/a,n/a
531.6297122995693,grab,Did Not Pick Up,n/a,n/a,n/a,n/a,n/a
532.5966537659372,release,Did Not Snap,n/a,n/a,n/a,n/a,n/a
533.4638142222632,grab,Did Not Pick Up,n/a,n/a,n/a,n/a,n/a
534.5649280967401,release,Did Not Snap,n/a,n/a,n/a,n/a,n/a
534.6986144297115,grab,Did Not Pick Up,n/a,n/a,n/a,n/a,n/a
536.2835270552195,release,Did Not Snap,n/a,n/a,n/a,n/a,n/a
537.6181552830762,grab,Did Not Pick Up,n/a,n/a,n/a,n/a,n/a
538.3189391206711,release,Did Not Snap,n/a,n/a,n/a,n/a,n/a
540.5533056876216,grab,Did Not Pick Up,n/a,n/a,n/a,n/a,n/a
541.1872923143776,release,Did Not Snap,n/a,n/a,n/a,n/a,n/a
543.090394004129,grab,Picked Up,n/a,n/a,n/a,n/a,n/a
544.9240704227346,release,Snapped!,n/a,n/a,n/a,10.685665762592043,0.06897181177124452
544.9245510735992,2,MOVE SOMEWHERE AND SOMETHING,0.0,0.5,0.0,n/a,n/a
548.2777089196445,grab,Picked Up,n/a,n/a,n/a,n/a,n/a
552.2968665481162,release,Snapped!,n/a,n/a,n/a,7.497475465912633,0.09762258644487143
552.2971184754658,2,MOVE SOMEWHERE AND SOMETHING,0.0,0.5,0.0,n/a,n/a
555.552418818973,grab,Did Not Pick Up,n/a,n/a,n/a,n/a,n/a
556.4176816837667,release,Did Not Snap,n/a,n/a,n/a,n/a,n/a
561.17134163669,grab,Did Not Pick Up,n/a,n/a,n/a,n/a,n/a
561.9216710859425,release,Did Not Snap,n/a,n/a,n/a,n/a,n/a
575.5926316674487,grab,Did Not Pick Up,n/a,n/a,n/a,n/a,n/a
576.3013937066981,release,Did Not Snap,n/a,n/a,n/a,n/a,n/a
578.8866112968925,grab,Did Not Pick Up,n/a,n/a,n/a,n/a,n/a
579.6544069054612,release,Did Not Snap,n/a,n/a,n/a,n/a,n/a
581.272868358618,grab,Picked Up,n/a,n/a,n/a,n/a,n/a
586.7273293260009,release,Did Not Snap,n/a,n/a,n/a,n/a,n/a
587.1110773600786,grab,Picked Up,n/a,n/a,n/a,n/a,n/a
588.5120188330761,release,Snapped!,n/a,n/a,n/a,2.8713324673557072,0.042527789059115736
588.5126986753021,2,MOVE SOMEWHERE AND SOMETHING,0.0,0.5,0.0,n/a,n/a
592.3826255108987,grab,Picked Up,n/a,n/a,n/a,n/a,n/a
600.2889621768452,release,Did Not Snap,n/a,n/a,n/a,n/a,n/a
600.6396125019851,grab,Picked Up,n/a,n/a,n/a,n/a,n/a
602.3575035928276,release,Did Not Snap,n/a,n/a,n/a,n/a,n/a
602.9082279291601,grab,Picked Up,n/a,n/a,n/a,n/a,n/a
604.3592610573054,release,Did Not Snap,n/a,n/a,n/a,n/a,n/a
604.8766101427277,grab,Picked Up,n/a,n/a,n/a,n/a,n/a
607.0782532755829,release,Did Not Snap,n/a,n/a,n/a,n/a,n/a
607.762458425207,grab,Picked Up,n/a,n/a,n/a,n/a,n/a
615.2018604051269,release,Did Not Snap,n/a,n/a,n/a,n/a,n/a
615.4691257910022,grab,Picked Up,n/a,n/a,n/a,n/a,n/a
622.2078741158812,release,Did Not Snap,n/a,n/a,n/a,n/a,n/a
622.6085901801973,grab,Picked Up,n/a,n/a,n/a,n/a,n/a
624.15962279605,release,Did Not Snap,n/a,n/a,n/a,n/a,n/a
624.4769635642537,grab,Picked Up,n/a,n/a,n/a,n/a,n/a
626.3782110566574,release,Did Not Snap,n/a,n/a,n/a,n/a,n/a
627.612929598661,grab,Picked Up,n/a,n/a,n/a,n/a,n/a
632.7170298368168,release,Did Not Snap,n/a,n/a,n/a,n/a,n/a
632.9675613402414,grab,Picked Up,n/a,n/a,n/a,n/a,n/a
639.8394180116604,release,Did Not Snap,n/a,n/a,n/a,n/a,n/a
640.2072656932507,grab,Picked Up,n/a,n/a,n/a,n/a,n/a
641.4912688791071,release,Did Not Snap,n/a,n/a,n/a,n/a,n/a
642.2756040003411,grab,Picked Up,n/a,n/a,n/a,n/a,n/a
650.9160693185938,release,Did Not Snap,n/a,n/a,n/a,n/a,n/a
651.3670108367936,grab,Picked Up,n/a,n/a,n/a,n/a,n/a
651.9502925641955,release,Did Not Snap,n/a,n/a,n/a,n/a,n/a
652.3344115582821,grab,Picked Up,n/a,n/a,n/a,n/a,n/a
653.251440370514,release,Did Not Snap,n/a,n/a,n/a,n/a,n/a
653.5688025344615,grab,Picked Up,n/a,n/a,n/a,n/a,n/a
657.8553768257576,release,Did Not Snap,n/a,n/a,n/a,n/a,n/a
658.4397572698067,grab,Picked Up,n/a,n/a,n/a,n/a,n/a
659.139823295264,release,Did Not Snap,n/a,n/a,n/a,n/a,n/a
659.4070913932758,grab,Picked Up,n/a,n/a,n/a,n/a,n/a
660.7578791333337,release,Did Not Snap,n/a,n/a,n/a,n/a,n/a
661.0584842109957,grab,Picked Up,n/a,n/a,n/a,n/a,n/a
665.4286257574018,release,Did Not Snap,n/a,n/a,n/a,n/a,n/a
665.7125424562374,grab,Picked Up,n/a,n/a,n/a,n/a,n/a
666.5962981747019,release,Did Not Snap,n/a,n/a,n/a,n/a,n/a
667.1971358632745,grab,Picked Up,n/a,n/a,n/a,n/a,n/a
689.199207935591,release,Snapped!,n/a,n/a,n/a,7.534821983288352,0.06491733595421993
689.2000173576738,2,MOVE SOMEWHERE AND SOMETHING,0.0,0.5,0.0,n/a,n/a
695.4378587742287,grab,Did Not Pick Up,n/a,n/a,n/a,n/a,n/a
696.3719613900242,release,Did Not Snap,n/a,n/a,n/a,n/a,n/a
699.2916037978349,grab,Picked Up,n/a,n/a,n/a,n/a,n/a
702.544039522459,release,Did Not Snap,n/a,n/a,n/a,n/a,n/a
702.9947267025211,grab,Picked Up,n/a,n/a,n/a,n/a,n/a
704.445679069267,release,Snapped!,n/a,n/a,n/a,8.354145365952268,0.11580505975827152
704.4465023533811,2,MOVE SOMEWHERE AND SOMETHING,0.0,0.5,0.0,n/a,n/a
705.4468422744941,FINISHED,FINISHED,n/a,n/a,n/a,n/a,n/a
