timestamp,event,event result,x,y,z,angular offset,positional offset
143.86768600811772,2,MOVE SOMEWHERE AND SOMETHING,0.0,0.5,0.0,n/a,n/a
153.11719865224896,grab,Did Not Pick Up,n/a,n/a,n/a,n/a,n/a
153.90115889594347,release,Did Not Snap,n/a,n/a,n/a,n/a,n/a
154.8190236489266,grab,Picked Up,n/a,n/a,n/a,n/a,n/a
158.23839318566655,release,Snapped!,n/a,n/a,n/a,15.251310353771297,0.048893246488460856
158.2392080320225,2,MOVE SOMEWHERE AND SOMETHING,0.0,0.5,0.0,n/a,n/a
161.17472427365217,grab,Picked Up,n/a,n/a,n/a,n/a,n/a
163.62636220824567,release,Snapped!,n/a,n/a,n/a,11.417065325268231,0.056796939189185935
163.6271686168435,2,MOVE SOMEWHERE AND SOMETHING,0.0,0.5,0.0,n/a,n/a
166.61219943123484,grab,Did Not Pick Up,n/a,n/a,n/a,n/a,n/a
167.52964952867586,release,Did Not Snap,n/a,n/a,n/a,n/a,n/a
169.93195038477683,grab,Did Not Pick Up,n/a,n/a,n/a,n/a,n/a
170.64901728745966,release,Did Not Snap,n/a,n/a,n/a,n/a,n/a
171.5335013652594,grab,Picked Up,n/a,n/a,n/a,n/a,n/a
174.00201933632815,release,Did Not Snap,n/a,n/a,n/a,n/a,n/a
174.55275271311592,grab,Picked Up,n/a,n/a,n/a,n/a,n/a
177.53836904765134,release,Snapped!,n/a,n/a,n/a,15.65267780610234,0.07529464233575883
177.5391775656887,2,MOVE SOMEWHERE AND SOMETHING,0.0,0.5,0.0,n/a,n/a
181.07484020242183,grab,Did Not Pick Up,n/a,n/a,n/a,n/a,n/a
182.2757594961694,release,Did Not Snap,n/a,n/a,n/a,n/a,n/a
184.19440444043047,grab,Picked Up,n/a,n/a,n/a,n/a,n/a
191.10010194619903,release,Snapped!,n/a,n/a,n/a,11.389884670942724,0.11187882034131592
191.1009032318723,2,MOVE SOMEWHERE AND SOMETHING,0.0,0.5,0.0,n/a,n/a
196.62155720634266,grab,Did Not Pick Up,n/a,n/a,n/a,n/a,n/a
197.45552141277,release,Did Not Snap,n/a,n/a,n/a,n/a,n/a
198.52359634126753,grab,Picked Up,n/a,n/a,n/a,n/a,n/a
204.32829930656695,release,Did Not Snap,n/a,n/a,n/a,n/a,n/a
204.84563151647308,grab,Picked Up,n/a,n/a,n/a,n/a,n/a
210.65027180128357,release,Did Not Snap,n/a,n/a,n/a,n/a,n/a
211.20121642337295,grab,Picked Up,n/a,n/a,n/a,n/a,n/a
213.60287179097745,release,Did Not Snap,n/a,n/a,n/a,n/a,n/a
214.2037194240507,grab,Picked Up,n/a,n/a,n/a,n/a,n/a
217.1225313153832,release,Did Not Snap,n/a,n/a,n/a,n/a,n/a
217.4064468088248,grab,Picked Up,n/a,n/a,n/a,n/a,n/a
220.2586160811013,release,Did Not Snap,n/a,n/a,n/a,n/a,n/a
220.69264109965687,grab,Picked Up,n/a,n/a,n/a,n/a,n/a
223.0110124797456,release,Did Not Snap,n/a,n/a,n/a,n/a,n/a
223.34492018332838,grab,Picked Up,n/a,n/a,n/a,n/a,n/a
224.14530663265046,release,Did Not Snap,n/a,n/a,n/a,n/a,n/a
224.46255127068116,grab,Picked Up,n/a,n/a,n/a,n/a,n/a
227.5649268913461,release,Did Not Snap,n/a,n/a,n/a,n/a,n/a
227.7987944251732,grab,Picked Up,n/a,n/a,n/a,n/a,n/a
230.7176533268724,release,Did Not Snap,n/a,n/a,n/a,n/a,n/a
231.05157790597144,grab,Picked Up,n/a,n/a,n/a,n/a,n/a
235.271574970837,release,Did Not Snap,n/a,n/a,n/a,n/a,n/a
235.63890523704526,grab,Picked Up,n/a,n/a,n/a,n/a,n/a
238.00722121421148,release,Did Not Snap,n/a,n/a,n/a,n/a,n/a
238.25778586597164,grab,Picked Up,n/a,n/a,n/a,n/a,n/a
241.99404053197654,release,Did Not Snap,n/a,n/a,n/a,n/a,n/a
242.3446631330541,grab,Picked Up,n/a,n/a,n/a,n/a,n/a
248.29945272098112,release,Did Not Snap,n/a,n/a,n/a,n/a,n/a
248.55003696039407,grab,Picked Up,n/a,n/a,n/a,n/a,n/a
250.10100327957576,release,Did Not Snap,n/a,n/a,n/a,n/a,n/a
250.3515447275011,grab,Picked Up,n/a,n/a,n/a,n/a,n/a
262.21154092448296,release,Did Not Snap,n/a,n/a,n/a,n/a,n/a
262.47874031503574,grab,Picked Up,n/a,n/a,n/a,n/a,n/a
263.1122818500508,release,Did Not Snap,n/a,n/a,n/a,n/a,n/a
263.479610910865,grab,Picked Up,n/a,n/a,n/a,n/a,n/a
271.9198789663867,release,Did Not Snap,n/a,n/a,n/a,n/a,n/a
272.15378236068585,grab,Picked Up,n/a,n/a,n/a,n/a,n/a
281.37815018425954,release,Snapped!,n/a,n/a,n/a,13.992752409940788,0.059071534089334514
281.37895207262983,2,MOVE SOMEWHERE AND SOMETHING,0.0,0.5,0.0,n/a,n/a
284.7146314040701,grab,Picked Up,n/a,n/a,n/a,n/a,n/a
288.01715305822023,release,Snapped!,n/a,n/a,n/a,8.833640046637607,0.0186840224024293
288.0179932178506,2,MOVE SOMEWHERE AND SOMETHING,0.0,0.5,0.0,n/a,n/a
290.269020439565,grab,Did Not Pick Up,n/a,n/a,n/a,n/a,n/a
291.16976889884546,release,Did Not Snap,n/a,n/a,n/a,n/a,n/a
292.12068013152054,grab,Did Not Pick Up,n/a,n/a,n/a,n/a,n/a
292.97136315297325,release,Did Not Snap,n/a,n/a,n/a,n/a,n/a
294.8396838010413,grab,Did Not Pick Up,n/a,n/a,n/a,n/a,n/a
295.5568884199906,release,Did Not Snap,n/a,n/a,n/a,n/a,n/a
296.90848980101055,grab,Picked Up,n/a,n/a,n/a,n/a,n/a
298.4596971989958,release,Did Not Snap,n/a,n/a,n/a,n/a,n/a
298.9269061121613,grab,Picked Up,n/a,n/a,n/a,n/a,n/a
300.69481924664683,release,Snapped!,n/a,n/a,n/a,25.619706781332095,0.07768365189862542
300.6956298741237,2,MOVE SOMEWHERE AND SOMETHING,0.0,0.5,0.0,n/a,n/a
303.46417885395357,grab,Picked Up,n/a,n/a,n/a,n/a,n/a
307.6007493934608,release,Did Not Snap,n/a,n/a,n/a,n/a,n/a
308.28508291754775,grab,Picked Up,n/a,n/a,n/a,n/a,n/a
310.1363089690054,release,Snapped!,n/a,n/a,n/a,15.881752255552573,0.10874109365453162
310.1371253221039,2,MOVE SOMEWHERE AND SOMETHING,0.0,0.5,0.0,n/a,n/a
313.03875552710826,grab,Did Not Pick Up,n/a,n/a,n/a,n/a,n/a
315.67438058568285,release,Did Not Snap,n/a,n/a,n/a,n/a,n/a
320.0951718846667,grab,Picked Up,n/a,n/a,n/a,n/a,n/a
322.36347421074566,release,Did Not Snap,n/a,n/a,n/a,n/a,n/a
322.7641637563935,grab,Picked Up,n/a,n/a,n/a,n/a,n/a
325.14930221247056,release,Snapped!,n/a,n/a,n/a,6.540483554732156,0.10264901558854429
325.1501086210684,2,MOVE SOMEWHERE AND SOMETHING,0.0,0.5,0.0,n/a,n/a
331.6214915123687,grab,Did Not Pick Up,n/a,n/a,n/a,n/a,n/a
332.4554725943123,release,Did Not Snap,n/a,n/a,n/a,n/a,n/a
332.83957923311027,grab,Picked Up,n/a,n/a,n/a,n/a,n/a
346.1000920016984,release,Snapped!,n/a,n/a,n/a,25.195486284826853,0.12352025855572785
346.1003773787321,2,MOVE SOMEWHERE AND SOMETHING,0.0,0.5,0.0,n/a,n/a
358.6615401259094,grab,Did Not Pick Up,n/a,n/a,n/a,n/a,n/a
359.3945760885386,release,Did Not Snap,n/a,n/a,n/a,n/a,n/a
362.9990444238925,grab,Did Not Pick Up,n/a,n/a,n/a,n/a,n/a
363.76582358395586,release,Did Not Snap,n/a,n/a,n/a,n/a,n/a
366.1005012329674,grab,Did Not Pick Up,n/a,n/a,n/a,n/a,n/a
366.8013480523997,release,Did Not Snap,n/a,n/a,n/a,n/a,n/a
372.07404373832463,grab,Picked Up,n/a,n/a,n/a,n/a,n/a
380.39641793059764,release,Snapped!,n/a,n/a,n/a,42.77986253491666,0.07318500323384691
380.3966942671762,2,MOVE SOMEWHERE AND SOMETHING,0.0,0.5,0.0,n/a,n/a
381.3970179154699,FINISHED,FINISHED,n/a,n/a,n/a,n/a,n/a
