timestamp,event,event result,x,y,z,angular offset,positional offset
9.0404551326732e-07,1,MOVE SOMEWHERE AND SOMETHING,0.0,0.5,-1.0,n/a,n/a
8.238433566366131,grab,Did Not Pick Up,n/a,n/a,n/a,n/a,n/a
9.08949809502543,release,Did Not Snap,n/a,n/a,n/a,n/a,n/a
9.823495058035201,grab,Picked Up,n/a,n/a,n/a,n/a,n/a
12.942521690311978,release,Did Not Snap,n/a,n/a,n/a,n/a,n/a
13.27646284357873,grab,Picked Up,n/a,n/a,n/a,n/a,n/a
14.410463181691753,release,Snapped!,n/a,n/a,n/a,11.88305120458009,0.12238174932524401
14.412382168967914,1,MOVE SOMEWHERE AND SOMETHING,-0.5,0.5,0.0,n/a,n/a
16.461668620911716,grab,Did Not Pick Up,n/a,n/a,n/a,n/a,n/a
17.21202067130201,release,Did Not Snap,n/a,n/a,n/a,n/a,n/a
18.396472474676933,grab,Did Not Pick Up,n/a,n/a,n/a,n/a,n/a
19.097717074135048,release,Did Not Snap,n/a,n/a,n/a,n/a,n/a
22.851406559211817,grab,Did Not Pick Up,n/a,n/a,n/a,n/a,n/a
23.568418917815332,release,Did Not Snap,n/a,n/a,n/a,n/a,n/a
26.253492252480626,grab,Did Not Pick Up,n/a,n/a,n/a,n/a,n/a
27.03833062571702,release,Did Not Snap,n/a,n/a,n/a,n/a,n/a
29.95771718864748,grab,Picked Up,n/a,n/a,n/a,n/a,n/a
31.208751040029025,release,Snapped!,n/a,n/a,n/a,19.174538411474707,0.10902089531477066
31.209669248922,1,MOVE SOMEWHERE AND SOMETHING,0.0,0.5,1.0,n/a,n/a
34.478096333281805,grab,Picked Up,n/a,n/a,n/a,n/a,n/a
37.0124562404303,release,Snapped!,n/a,n/a,n/a,4.689801836952319,0.0629051385505496
37.0126744167475,1,MOVE SOMEWHERE AND SOMETHING,1.0,0.5,0.0,n/a,n/a
41.10051057477104,grab,Picked Up,n/a,n/a,n/a,n/a,n/a
42.96889541007052,release,Snapped!,n/a,n/a,n/a,11.73602733356324,0.08914006368247787
42.96979282591669,1,MOVE SOMEWHERE AND SOMETHING,0.0,1.0,0.0,n/a,n/a
45.853683548511235,grab,Picked Up,n/a,n/a,n/a,n/a,n/a
47.154469133927414,release,Did Not Snap,n/a,n/a,n/a,n/a,n/a
47.689640271249814,grab,Picked Up,n/a,n/a,n/a,n/a,n/a
49.42444966982751,release,Did Not Snap,n/a,n/a,n/a,n/a,n/a
49.69167527770018,grab,Picked Up,n/a,n/a,n/a,n/a,n/a
51.108777468292864,release,Snapped!,n/a,n/a,n/a,5.84078307436637,0.11819499954614697
51.10963661287897,1,MOVE SOMEWHERE AND SOMETHING,0.0,0.75,0.0,n/a,n/a
54.52837271506263,grab,Did Not Pick Up,n/a,n/a,n/a,n/a,n/a
55.67937453309816,release,Did Not Snap,n/a,n/a,n/a,n/a,n/a
56.87966069363796,grab,Did Not Pick Up,n/a,n/a,n/a,n/a,n/a
57.84711505516034,release,Did Not Snap,n/a,n/a,n/a,n/a,n/a
58.81543790307246,grab,Did Not Pick Up,n/a,n/a,n/a,n/a,n/a
60.02725516413398,release,Did Not Snap,n/a,n/a,n/a,n/a,n/a
61.59923240508954,grab,Did Not Pick Up,n/a,n/a,n/a,n/a,n/a
62.584779128120424,release,Did Not Snap,n/a,n/a,n/a,n/a,n/a
63.68572515148036,grab,Picked Up,n/a,n/a,n/a,n/a,n/a
65.90407866160281,release,Snapped!,n/a,n/a,n/a,4.4854569062142735,0.75261445223799
65.904330287604,1,MOVE SOMEWHERE AND SOMETHING,0.0,0.5,0.5,n/a,n/a
69.60853382802703,grab,Picked Up,n/a,n/a,n/a,n/a,n/a
70.72572163172983,release,Snapped!,n/a,n/a,n/a,13.4537780188609,0.07285338422684635
70.72657655743687,1,MOVE SOMEWHERE AND SOMETHING,0.5,0.5,0.0,n/a,n/a
73.47847934723093,grab,Picked Up,n/a,n/a,n/a,n/a,n/a
74.46243133397641,release,Snapped!,n/a,n/a,n/a,4.900019520539874,0.044172978431539583
74.46327209630375,1,MOVE SOMEWHERE AND SOMETHING,0.0,0.5,-0.5,n/a,n/a
77.5308910845141,grab,Picked Up,n/a,n/a,n/a,n/a,n/a
78.58254432761163,release,Snapped!,n/a,n/a,n/a,6.844548984345368,0.08493785761915201
78.58335525643703,1,MOVE SOMEWHERE AND SOMETHING,0.0,0.0,0.0,n/a,n/a
81.53542155792958,grab,Picked Up,n/a,n/a,n/a,n/a,n/a
85.57138478979586,release,Snapped!,n/a,n/a,n/a,12.390472169638029,0.09257803751191597
85.57182958018838,1,MOVE SOMEWHERE AND SOMETHING,-1.0,0.5,0.0,n/a,n/a
87.52372622247294,grab,Did Not Pick Up,n/a,n/a,n/a,n/a,n/a
88.35772207049325,release,Did Not Snap,n/a,n/a,n/a,n/a,n/a
89.54209250977198,grab,Did Not Pick Up,n/a,n/a,n/a,n/a,n/a
89.99235569248832,release,Did Not Snap,n/a,n/a,n/a,n/a,n/a
90.71003493533212,grab,Picked Up,n/a,n/a,n/a,n/a,n/a
92.7281040930058,release,Did Not Snap,n/a,n/a,n/a,n/a,n/a
93.09543887944162,grab,Picked Up,n/a,n/a,n/a,n/a,n/a
94.06261298685487,release,Did Not Snap,n/a,n/a,n/a,n/a,n/a
94.36313971390575,grab,Picked Up,n/a,n/a,n/a,n/a,n/a
105.88868005437533,release,Did Not Snap,n/a,n/a,n/a,n/a,n/a
106.32350726264963,grab,Picked Up,n/a,n/a,n/a,n/a,n/a
107.54062162772189,release,Snapped!,n/a,n/a,n/a,26.787149542958048,0.08452795482903294
107.54119358718329,1,MOVE SOMEWHERE AND SOMETHING,0.0,0.25,0.0,n/a,n/a
108.54203826704118,FINISHED,FINISHED,n/a,n/a,n/a,n/a,n/a
