timestamp,event,event result,x,y,z,angular offset,positional offset
66.72621373383755,2,MOVE SOMEWHERE AND SOMETHING,0.0,0.5,0.0,n/a,n/a
72.10905018868937,grab,Picked Up,n/a,n/a,n/a,n/a,n/a
75.14478951861686,release,Did Not Snap,n/a,n/a,n/a,n/a,n/a
75.59556228165417,grab,Picked Up,n/a,n/a,n/a,n/a,n/a
76.9130799414299,release,Snapped!,n/a,n/a,n/a,9.109684401683477,0.0680107517362085
76.91419824572982,2,MOVE SOMEWHERE AND SOMETHING,0.0,0.5,0.0,n/a,n/a
79.58126962343792,grab,Picked Up,n/a,n/a,n/a,n/a,n/a
81.6996221391103,release,Snapped!,n/a,n/a,n/a,3.9367018421359194,0.05685019980580663
81.69987406646,2,MOVE SOMEWHERE AND SOMETHING,0.0,0.5,0.0,n/a,n/a
84.41899164571541,grab,Picked Up,n/a,n/a,n/a,n/a,n/a
88.40589112218265,release,Snapped!,n/a,n/a,n/a,6.077367509635939,0.023393010061974827
88.40624611072086,2,MOVE SOMEWHERE AND SOMETHING,0.0,0.5,0.0,n/a,n/a
90.44123598691786,grab,Did Not Pick Up,n/a,n/a,n/a,n/a,n/a
91.80930757044699,release,Did Not Snap,n/a,n/a,n/a,n/a,n/a
92.14317820816372,grab,Picked Up,n/a,n/a,n/a,n/a,n/a
95.64592273966774,release,Did Not Snap,n/a,n/a,n/a,n/a,n/a
96.046540263023,grab,Picked Up,n/a,n/a,n/a,n/a,n/a
96.9804093337275,release,Did Not Snap,n/a,n/a,n/a,n/a,n/a
97.28099150890318,grab,Picked Up,n/a,n/a,n/a,n/a,n/a
98.2805620872844,release,Did Not Snap,n/a,n/a,n/a,n/a,n/a
98.78122610871388,grab,Picked Up,n/a,n/a,n/a,n/a,n/a
102.43493298159936,release,Did Not Snap,n/a,n/a,n/a,n/a,n/a
102.70128829499126,grab,Picked Up,n/a,n/a,n/a,n/a,n/a
106.98929188224385,release,Did Not Snap,n/a,n/a,n/a,n/a,n/a
107.3051753290801,grab,Picked Up,n/a,n/a,n/a,n/a,n/a
109.62487776551289,release,Did Not Snap,n/a,n/a,n/a,n/a,n/a
110.00862158071152,grab,Picked Up,n/a,n/a,n/a,n/a,n/a
111.92657161532141,release,Did Not Snap,n/a,n/a,n/a,n/a,n/a
112.261082015913,grab,Picked Up,n/a,n/a,n/a,n/a,n/a
113.42796128394954,release,Snapped!,n/a,n/a,n/a,28.66025018434009,0.12644476090044457
113.42879059503372,2,MOVE SOMEWHERE AND SOMETHING,0.0,0.5,0.0,n/a,n/a
115.5296718284652,grab,Did Not Pick Up,n/a,n/a,n/a,n/a,n/a
115.86327456736149,release,Did Not Snap,n/a,n/a,n/a,n/a,n/a
116.21397732714122,grab,Picked Up,n/a,n/a,n/a,n/a,n/a
120.73417325188485,release,Snapped!,n/a,n/a,n/a,22.878784946800746,0.059192908302007116
120.73500587780258,2,MOVE SOMEWHERE AND SOMETHING,0.0,0.5,0.0,n/a,n/a
123.40251270409958,grab,Did Not Pick Up,n/a,n/a,n/a,n/a,n/a
124.28657218185658,release,Did Not Snap,n/a,n/a,n/a,n/a,n/a
125.88820332104133,grab,Picked Up,n/a,n/a,n/a,n/a,n/a
129.29162459088172,release,Snapped!,n/a,n/a,n/a,2.487387720773946,0.11849004403363295
129.2924674626486,2,MOVE SOMEWHERE AND SOMETHING,0.0,0.5,0.0,n/a,n/a
131.6773250619196,grab,Picked Up,n/a,n/a,n/a,n/a,n/a
135.13004544034098,release,Snapped!,n/a,n/a,n/a,7.643159265840314,0.04060869652857658
135.1308708338946,2,MOVE SOMEWHERE AND SOMETHING,0.0,0.5,0.0,n/a,n/a
137.94863002449662,grab,Picked Up,n/a,n/a,n/a,n/a,n/a
140.20102777920917,release,Snapped!,n/a,n/a,n/a,16.45551528105328,0.08885140159959329
140.20183569454954,2,MOVE SOMEWHERE AND SOMETHING,0.0,0.5,0.0,n/a,n/a
142.15277434993854,grab,Did Not Pick Up,n/a,n/a,n/a,n/a,n/a
144.20392645047323,release,Did Not Snap,n/a,n/a,n/a,n/a,n/a
144.37052425900663,grab,Picked Up,n/a,n/a,n/a,n/a,n/a
149.50907465818793,release,Snapped!,n/a,n/a,n/a,18.51237645837593,0.05162418367993466
149.50989824365053,2,MOVE SOMEWHERE AND SOMETHING,0.0,0.5,0.0,n/a,n/a
151.69425783438308,grab,Did Not Pick Up,n/a,n/a,n/a,n/a,n/a
152.92863524987968,release,Did Not Snap,n/a,n/a,n/a,n/a,n/a
153.89647202265417,grab,Picked Up,n/a,n/a,n/a,n/a,n/a
158.24994357249255,release,Snapped!,n/a,n/a,n/a,10.421898331018367,0.08978362582460718
158.25077589706177,2,MOVE SOMEWHERE AND SOMETHING,0.0,0.5,0.0,n/a,n/a
161.13590787414603,grab,Did Not Pick Up,n/a,n/a,n/a,n/a,n/a
161.6527880612955,release,Did Not Snap,n/a,n/a,n/a,n/a,n/a
164.45479064264677,grab,Picked Up,n/a,n/a,n/a,n/a,n/a
166.85743533739128,release,Snapped!,n/a,n/a,n/a,18.620793340525633,0.0898339875504159
166.858266155218,2,MOVE SOMEWHERE AND SOMETHING,0.0,0.5,0.0,n/a,n/a
167.8585204933557,FINISHED,FINISHED,n/a,n/a,n/a,n/a,n/a
