timestamp,event,event result,x,y,z,angular offset,positional offset
6.026970088448799e-07,1,MOVE SOMEWHERE AND SOMETHING,0.0,0.5,-1.0,n/a,n/a
3.9918352636211782,grab,Picked Up,n/a,n/a,n/a,n/a,n/a
7.493658874095691,release,Snapped!,n/a,n/a,n/a,12.914739039359674,0.03695515956262087
7.494222998495969,1,MOVE SOMEWHERE AND SOMETHING,-0.5,0.5,0.0,n/a,n/a
10.179413859077988,grab,Picked Up,n/a,n/a,n/a,n/a,n/a
11.380646856618682,release,Snapped!,n/a,n/a,n/a,7.712115386549175,0.06903161715360885
11.381035596189388,1,MOVE SOMEWHERE AND SOMETHING,0.0,0.5,1.0,n/a,n/a
13.28205315968427,grab,Did Not Pick Up,n/a,n/a,n/a,n/a,n/a
14.099485387158998,release,Did Not Snap,n/a,n/a,n/a,n/a,n/a
14.266412569607738,grab,Picked Up,n/a,n/a,n/a,n/a,n/a
18.353688822110062,release,Did Not Snap,n/a,n/a,n/a,n/a,n/a
18.754352753135002,grab,Picked Up,n/a,n/a,n/a,n/a,n/a
22.65755780542349,release,Did Not Snap,n/a,n/a,n/a,n/a,n/a
23.008258757112202,grab,Picked Up,n/a,n/a,n/a,n/a,n/a
23.9587339385014,release,Did Not Snap,n/a,n/a,n/a,n/a,n/a
24.35941926527016,grab,Picked Up,n/a,n/a,n/a,n/a,n/a
26.643511348935352,release,Did Not Snap,n/a,n/a,n/a,n/a,n/a
26.993983878457712,grab,Picked Up,n/a,n/a,n/a,n/a,n/a
27.994947590974853,release,Snapped!,n/a,n/a,n/a,13.999348026961252,0.04502728858269335
27.995210366870708,1,MOVE SOMEWHERE AND SOMETHING,1.0,0.5,0.0,n/a,n/a
30.66477329401338,grab,Picked Up,n/a,n/a,n/a,n/a,n/a
35.60214584243029,release,Snapped!,n/a,n/a,n/a,6.174247586278583,0.0740661402529768
35.60296129148326,1,MOVE SOMEWHERE AND SOMETHING,0.0,1.0,0.0,n/a,n/a
38.35435841848689,grab,Picked Up,n/a,n/a,n/a,n/a,n/a
39.438833335292095,release,Snapped!,n/a,n/a,n/a,3.182523038721779,0.1074079861857414
39.43965842749721,1,MOVE SOMEWHERE AND SOMETHING,0.0,0.75,0.0,n/a,n/a
42.091396891951796,grab,Picked Up,n/a,n/a,n/a,n/a,n/a
43.05861379085269,release,Snapped!,n/a,n/a,n/a,0.016970423796925028,0.033197049702213224
43.05942984260266,1,MOVE SOMEWHERE AND SOMETHING,0.0,0.5,0.5,n/a,n/a
45.81026676273657,grab,Picked Up,n/a,n/a,n/a,n/a,n/a
47.92900379910059,release,Did Not Snap,n/a,n/a,n/a,n/a,n/a
48.396812094441415,grab,Picked Up,n/a,n/a,n/a,n/a,n/a
49.09709478947342,release,Snapped!,n/a,n/a,n/a,2.610217699210787,0.09497408150222313
49.09790752638984,1,MOVE SOMEWHERE AND SOMETHING,0.5,0.5,0.0,n/a,n/a
51.8488770398657,grab,Picked Up,n/a,n/a,n/a,n/a,n/a
53.45003024032242,release,Snapped!,n/a,n/a,n/a,0.918301345254147,0.09571255983974279
53.450253238215694,1,MOVE SOMEWHERE AND SOMETHING,0.0,0.5,-0.5,n/a,n/a
56.33754287059161,grab,Picked Up,n/a,n/a,n/a,n/a,n/a
57.254380025174655,release,Snapped!,n/a,n/a,n/a,6.7942668296018285,0.05549531424123618
57.255129478905154,1,MOVE SOMEWHERE AND SOMETHING,0.0,0.0,0.0,n/a,n/a
60.95776751384772,grab,Picked Up,n/a,n/a,n/a,n/a,n/a
61.841421677866286,release,Did Not Snap,n/a,n/a,n/a,n/a,n/a
62.32553292729636,grab,Picked Up,n/a,n/a,n/a,n/a,n/a
62.85906713954274,release,Did Not Snap,n/a,n/a,n/a,n/a,n/a
63.309759743877876,grab,Picked Up,n/a,n/a,n/a,n/a,n/a
64.42618965609205,release,Did Not Snap,n/a,n/a,n/a,n/a,n/a
64.69325012498429,grab,Picked Up,n/a,n/a,n/a,n/a,n/a
66.44451074111542,release,Did Not Snap,n/a,n/a,n/a,n/a,n/a
66.79561549980005,grab,Picked Up,n/a,n/a,n/a,n/a,n/a
67.31278468016527,release,Snapped!,n/a,n/a,n/a,2.9478830700200964,0.1273286280542744
67.31360706023383,1,MOVE SOMEWHERE AND SOMETHING,-1.0,0.5,0.0,n/a,n/a
67.32947215494617,grab,Did Not Pick Up,n/a,n/a,n/a,n/a,n/a
67.41279772855552,release,Did Not Snap,n/a,n/a,n/a,n/a,n/a
70.11467274908487,grab,Picked Up,n/a,n/a,n/a,n/a,n/a
71.56581526673712,release,Did Not Snap,n/a,n/a,n/a,n/a,n/a
71.88288512263529,grab,Picked Up,n/a,n/a,n/a,n/a,n/a
72.40028814943993,release,Did Not Snap,n/a,n/a,n/a,n/a,n/a
72.85079632849036,grab,Picked Up,n/a,n/a,n/a,n/a,n/a
73.4507926520386,release,Did Not Snap,n/a,n/a,n/a,n/a,n/a
73.78444963366569,grab,Picked Up,n/a,n/a,n/a,n/a,n/a
75.15214995583737,release,Snapped!,n/a,n/a,n/a,8.843809668100462,0.08801304850522745
75.15236572136655,1,MOVE SOMEWHERE AND SOMETHING,0.0,0.25,0.0,n/a,n/a
76.1540526702943,FINISHED,FINISHED,n/a,n/a,n/a,n/a,n/a
