timestamp,event,event result,x,y,z,angular offset,positional offset
79.13797542623486,2,MOVE SOMEWHERE AND SOMETHING,0.0,0.5,0.0,n/a,n/a
84.47695452379854,grab,Picked Up,n/a,n/a,n/a,n/a,n/a
86.91297778428691,release,Snapped!,n/a,n/a,n/a,7.318220190501609,0.061263628903350055
86.91379323333987,2,MOVE SOMEWHERE AND SOMETHING,0.0,0.5,0.0,n/a,n/a
89.58168699111654,grab,Picked Up,n/a,n/a,n/a,n/a,n/a
92.43402592260105,release,Snapped!,n/a,n/a,n/a,15.860404883629506,0.08490795453502059
92.4344450983707,2,MOVE SOMEWHERE AND SOMETHING,0.0,0.5,0.0,n/a,n/a
95.05350141347516,grab,Picked Up,n/a,n/a,n/a,n/a,n/a
97.03848401210577,release,Did Not Snap,n/a,n/a,n/a,n/a,n/a
97.50596323487976,grab,Picked Up,n/a,n/a,n/a,n/a,n/a
98.30624843110435,release,Did Not Snap,n/a,n/a,n/a,n/a,n/a
98.65692226142767,grab,Picked Up,n/a,n/a,n/a,n/a,n/a
99.073591715568,release,Did Not Snap,n/a,n/a,n/a,n/a,n/a
99.39092645680154,grab,Picked Up,n/a,n/a,n/a,n/a,n/a
99.57403062966469,release,Did Not Snap,n/a,n/a,n/a,n/a,n/a
99.84123333505102,grab,Picked Up,n/a,n/a,n/a,n/a,n/a
100.09115069022369,release,Did Not Snap,n/a,n/a,n/a,n/a,n/a
100.5085141499697,grab,Picked Up,n/a,n/a,n/a,n/a,n/a
101.15874436515965,release,Did Not Snap,n/a,n/a,n/a,n/a,n/a
101.67515474999074,grab,Picked Up,n/a,n/a,n/a,n/a,n/a
102.2924126172208,release,Snapped!,n/a,n/a,n/a,2.852143439609294,0.09591036570682374
102.29264766905425,2,MOVE SOMEWHERE AND SOMETHING,0.0,0.5,0.0,n/a,n/a
104.9114776714319,grab,Picked Up,n/a,n/a,n/a,n/a,n/a
110.84976270312019,release,Did Not Snap,n/a,n/a,n/a,n/a,n/a
111.2508259209135,grab,Picked Up,n/a,n/a,n/a,n/a,n/a
112.28447780975085,release,Did Not Snap,n/a,n/a,n/a,n/a,n/a
112.53494723538361,grab,Picked Up,n/a,n/a,n/a,n/a,n/a
114.22019324274194,release,Did Not Snap,n/a,n/a,n/a,n/a,n/a
114.5205949101635,grab,Picked Up,n/a,n/a,n/a,n/a,n/a
118.35695091967044,release,Snapped!,n/a,n/a,n/a,9.467100254520897,0.1041532017697359
118.3577802307546,2,MOVE SOMEWHERE AND SOMETHING,0.0,0.5,0.0,n/a,n/a
121.02565199009045,grab,Did Not Pick Up,n/a,n/a,n/a,n/a,n/a
121.80905262961225,release,Did Not Snap,n/a,n/a,n/a,n/a,n/a
123.87795204761788,grab,Picked Up,n/a,n/a,n/a,n/a,n/a
127.79811729508377,release,Snapped!,n/a,n/a,n/a,7.085949926574187,0.06995221214323626
127.79876429032277,2,MOVE SOMEWHERE AND SOMETHING,0.0,0.5,0.0,n/a,n/a
131.70104329865717,grab,Picked Up,n/a,n/a,n/a,n/a,n/a
135.28852341342272,release,Snapped!,n/a,n/a,n/a,10.914994598174621,0.030248810864970825
135.28931174111028,2,MOVE SOMEWHERE AND SOMETHING,0.0,0.5,0.0,n/a,n/a
137.95757645889591,grab,Picked Up,n/a,n/a,n/a,n/a,n/a
140.55882488548002,release,Snapped!,n/a,n/a,n/a,4.709452342247917,0.09565361273286702
140.55907771687524,2,MOVE SOMEWHERE AND SOMETHING,0.0,0.5,0.0,n/a,n/a
143.24549325777923,grab,Picked Up,n/a,n/a,n/a,n/a,n/a
149.01598955164465,release,Snapped!,n/a,n/a,n/a,13.45643483310404,0.09965710387708117
149.0162722165418,2,MOVE SOMEWHERE AND SOMETHING,0.0,0.5,0.0,n/a,n/a
151.03446221496574,grab,Did Not Pick Up,n/a,n/a,n/a,n/a,n/a
152.33593939519957,release,Did Not Snap,n/a,n/a,n/a,n/a,n/a
152.65360381169697,grab,Picked Up,n/a,n/a,n/a,n/a,n/a
156.90698968815553,release,Snapped!,n/a,n/a,n/a,23.91928245521263,0.10250578159411017
156.90782412216427,2,MOVE SOMEWHERE AND SOMETHING,0.0,0.5,0.0,n/a,n/a
160.22732887397817,grab,Picked Up,n/a,n/a,n/a,n/a,n/a
165.74775291953964,release,Did Not Snap,n/a,n/a,n/a,n/a,n/a
166.13216331763007,grab,Picked Up,n/a,n/a,n/a,n/a,n/a
167.29911942953524,release,Snapped!,n/a,n/a,n/a,7.385622128965618,0.05487601836243092
167.29980258659475,2,MOVE SOMEWHERE AND SOMETHING,0.0,0.5,0.0,n/a,n/a
169.76751354636863,grab,Picked Up,n/a,n/a,n/a,n/a,n/a
171.5862834598545,release,Snapped!,n/a,n/a,n/a,13.7891871636799,0.08828874375336188
171.5870877590128,2,MOVE SOMEWHERE AND SOMETHING,0.0,0.5,0.0,n/a,n/a
172.58638983587656,FINISHED,FINISHED,n/a,n/a,n/a,n/a,n/a
