timestamp,event,event result,x,y,z,angular offset,positional offset
6.026970088448799e-07,2,MOVE SOMEWHERE AND SOMETHING,0.0,0.5,0.0,n/a,n/a
3.3204054824936104,grab,Picked Up,n/a,n/a,n/a,n/a,n/a
4.211529774588305,release,Snapped!,n/a,n/a,n/a,36.766637494932354,0.09249589701836425
4.212213835693344,2,MOVE SOMEWHERE AND SOMETHING,0.0,0.5,0.0,n/a,n/a
7.6036980885765715,grab,Picked Up,n/a,n/a,n/a,n/a,n/a
8.403505044724639,release,Did Not Snap,n/a,n/a,n/a,n/a,n/a
8.862068570646787,grab,Picked Up,n/a,n/a,n/a,n/a,n/a
9.970548607965785,release,Snapped!,n/a,n/a,n/a,19.291365553448188,0.1201691886130053
9.970794508345394,2,MOVE SOMEWHERE AND SOMETHING,0.0,0.5,0.0,n/a,n/a
14.523824160736881,grab,Picked Up,n/a,n/a,n/a,n/a,n/a
15.431938180162408,release,Snapped!,n/a,n/a,n/a,23.85442072522151,0.02274532250648981
15.432247062379442,2,MOVE SOMEWHERE AND SOMETHING,0.0,0.5,0.0,n/a,n/a
18.282064309578935,grab,Did Not Pick Up,n/a,n/a,n/a,n/a,n/a
18.832112419867666,release,Did Not Snap,n/a,n/a,n/a,n/a,n/a
19.273952911885395,grab,Picked Up,n/a,n/a,n/a,n/a,n/a
21.549056975057685,release,Snapped!,n/a,n/a,n/a,20.001797733178368,0.08300821716061817
21.549187458960102,2,MOVE SOMEWHERE AND SOMETHING,0.0,0.5,0.0,n/a,n/a
24.807701684266927,grab,Picked Up,n/a,n/a,n/a,n/a,n/a
26.14113868148578,release,Snapped!,n/a,n/a,n/a,13.000053923178234,0.05324935793600485
26.141309244739283,2,MOVE SOMEWHERE AND SOMETHING,0.0,0.5,0.0,n/a,n/a
28.824720943751192,grab,Picked Up,n/a,n/a,n/a,n/a,n/a
29.8164832810343,release,Snapped!,n/a,n/a,n/a,27.0346625181929,0.07912436904840024
29.816649324060236,2,MOVE SOMEWHERE AND SOMETHING,0.0,0.5,0.0,n/a,n/a
32.800099565545864,grab,Picked Up,n/a,n/a,n/a,n/a,n/a
33.55004630219771,release,Snapped!,n/a,n/a,n/a,13.798423667602268,0.033247442236968947
33.55018612790376,2,MOVE SOMEWHERE AND SOMETHING,0.0,0.5,0.0,n/a,n/a
36.342064303551965,grab,Picked Up,n/a,n/a,n/a,n/a,n/a
36.966932727261224,release,Did Not Snap,n/a,n/a,n/a,n/a,n/a
38.342138736632556,grab,Picked Up,n/a,n/a,n/a,n/a,n/a
39.45065463442358,release,Snapped!,n/a,n/a,n/a,7.727200962596429,0.023568355923550357
39.45079114529609,2,MOVE SOMEWHERE AND SOMETHING,0.0,0.5,0.0,n/a,n/a
42.184182096463466,grab,Picked Up,n/a,n/a,n/a,n/a,n/a
43.425860282176714,release,Snapped!,n/a,n/a,n/a,22.26631789542188,0.05941890441762419
43.42599890248875,2,MOVE SOMEWHERE AND SOMETHING,0.0,0.5,0.0,n/a,n/a
46.834550329268446,grab,Picked Up,n/a,n/a,n/a,n/a,n/a
48.6681200705035,release,Snapped!,n/a,n/a,n/a,17.848978304696125,0.08217543596744993
48.668250855754415,2,MOVE SOMEWHERE AND SOMETHING,0.0,0.5,0.0,n/a,n/a
52.25173870553339,grab,Picked Up,n/a,n/a,n/a,n/a,n/a
52.96834123017089,release,Snapped!,n/a,n/a,n/a,24.80318707868127,0.10526456964088368
52.968502752969265,2,MOVE SOMEWHERE AND SOMETHING,0.0,0.5,0.0,n/a,n/a
53.97679586381097,FINISHED,FINISHED,n/a,n/a,n/a,n/a,n/a
