timestamp,event,event result,x,y,z,angular offset,positional offset
6.026970088448799e-07,1,MOVE SOMEWHERE AND SOMETHING,0.0,0.5,-1.0,n/a,n/a
8.480437811161165,grab,Did Not Pick Up,n/a,n/a,n/a,n/a,n/a
9.347100439757872,release,Did Not Snap,n/a,n/a,n/a,n/a,n/a
11.672256681423702,grab,Did Not Pick Up,n/a,n/a,n/a,n/a,n/a
12.52235900430838,release,Did Not Snap,n/a,n/a,n/a,n/a,n/a
16.867247244695285,grab,Picked Up,n/a,n/a,n/a,n/a,n/a
17.183857242775698,release,Did Not Snap,n/a,n/a,n/a,n/a,n/a
17.458954977629393,grab,Picked Up,n/a,n/a,n/a,n/a,n/a
17.83387018569396,release,Did Not Snap,n/a,n/a,n/a,n/a,n/a
18.250661685978585,grab,Picked Up,n/a,n/a,n/a,n/a,n/a
18.442274735212603,release,Did Not Snap,n/a,n/a,n/a,n/a,n/a
18.859061413921157,grab,Picked Up,n/a,n/a,n/a,n/a,n/a
23.309393002747996,release,Snapped!,n/a,n/a,n/a,6.933246570456831,0.045283725303719775
23.310119855340663,1,MOVE SOMEWHERE AND SOMETHING,-0.5,0.5,0.0,n/a,n/a
27.176449493839986,grab,Picked Up,n/a,n/a,n/a,n/a,n/a
28.959849229316266,release,Snapped!,n/a,n/a,n/a,8.214540979258478,0.01583977087046452
28.959993273901382,1,MOVE SOMEWHERE AND SOMETHING,0.0,0.5,1.0,n/a,n/a
31.935150103196797,grab,Picked Up,n/a,n/a,n/a,n/a,n/a
34.493671530732875,release,Snapped!,n/a,n/a,n/a,6.515921277327239,0.048874612404807886
34.4937956863167,1,MOVE SOMEWHERE AND SOMETHING,1.0,0.5,0.0,n/a,n/a
38.29408570411736,grab,Picked Up,n/a,n/a,n/a,n/a,n/a
40.71916097344005,release,Snapped!,n/a,n/a,n/a,10.036060583243193,0.04726844350783275
40.71928603306938,1,MOVE SOMEWHERE AND SOMETHING,0.0,1.0,0.0,n/a,n/a
43.66944600392296,grab,Picked Up,n/a,n/a,n/a,n/a,n/a
46.51129529531701,release,Snapped!,n/a,n/a,n/a,3.7676750007322264,0.03889033264690112
46.51142095764336,1,MOVE SOMEWHERE AND SOMETHING,0.0,0.75,0.0,n/a,n/a
54.95377675560365,grab,Picked Up,n/a,n/a,n/a,n/a,n/a
56.24555834905619,release,Snapped!,n/a,n/a,n/a,4.922457393339193,0.01581427347198573
56.24591183085188,1,MOVE SOMEWHERE AND SOMETHING,0.0,0.5,0.5,n/a,n/a
59.404176147843984,grab,Picked Up,n/a,n/a,n/a,n/a,n/a
61.13755775720773,release,Snapped!,n/a,n/a,n/a,2.2190125964385126,0.02985540398905398
61.137680707397536,1,MOVE SOMEWHERE AND SOMETHING,0.5,0.5,0.0,n/a,n/a
64.62969331461356,grab,Picked Up,n/a,n/a,n/a,n/a,n/a
65.87965677610741,release,Snapped!,n/a,n/a,n/a,5.505631173321576,0.05502739288275574
65.87979780720747,1,MOVE SOMEWHERE AND SOMETHING,0.0,0.5,-0.5,n/a,n/a
69.18001113181376,grab,Picked Up,n/a,n/a,n/a,n/a,n/a
70.73841503343311,release,Snapped!,n/a,n/a,n/a,16.470973473210183,0.0965132420098251
70.7385638995943,1,MOVE SOMEWHERE AND SOMETHING,0.0,0.0,0.0,n/a,n/a
74.06379728647725,grab,Picked Up,n/a,n/a,n/a,n/a,n/a
75.12210701668899,release,Snapped!,n/a,n/a,n/a,4.394082945410502,0.01778515070379425
75.12223056957579,1,MOVE SOMEWHERE AND SOMETHING,-1.0,0.5,0.0,n/a,n/a
80.03925214944354,grab,Picked Up,n/a,n/a,n/a,n/a,n/a
83.37279612538147,release,Snapped!,n/a,n/a,n/a,8.518461891827116,0.05364709142298776
83.37305197026173,1,MOVE SOMEWHERE AND SOMETHING,0.0,0.25,0.0,n/a,n/a
84.3812537725066,FINISHED,FINISHED,n/a,n/a,n/a,n/a,n/a
