timestamp,event,event result,x,y,z,angular offset,positional offset
6.026970088448799e-07,1,MOVE SOMEWHERE AND SOMETHING,0.0,0.5,-1.0,n/a,n/a
11.1989029709045,grab,Picked Up,n/a,n/a,n/a,n/a,n/a
13.915757724240203,release,Snapped!,n/a,n/a,n/a,17.688957108986624,0.009747085853998416
13.916662673798983,1,MOVE SOMEWHERE AND SOMETHING,-0.5,0.5,0.0,n/a,n/a
18.724514429621113,grab,Picked Up,n/a,n/a,n/a,n/a,n/a
19.282864389858176,release,Did Not Snap,n/a,n/a,n/a,n/a,n/a
19.76663903300881,grab,Picked Up,n/a,n/a,n/a,n/a,n/a
20.307920915303892,release,Did Not Snap,n/a,n/a,n/a,n/a,n/a
20.783037514573966,grab,Picked Up,n/a,n/a,n/a,n/a,n/a
22.549767554831114,release,Did Not Snap,n/a,n/a,n/a,n/a,n/a
22.883479683234505,grab,Picked Up,n/a,n/a,n/a,n/a,n/a
23.474871301587473,release,Did Not Snap,n/a,n/a,n/a,n/a,n/a
23.699939157736956,grab,Picked Up,n/a,n/a,n/a,n/a,n/a
24.374940822687446,release,Did Not Snap,n/a,n/a,n/a,n/a,n/a
24.625003126490732,grab,Picked Up,n/a,n/a,n/a,n/a,n/a
25.25849072012348,release,Did Not Snap,n/a,n/a,n/a,n/a,n/a
25.55020149667748,grab,Picked Up,n/a,n/a,n/a,n/a,n/a
26.25848650124442,release,Did Not Snap,n/a,n/a,n/a,n/a,n/a
26.46684126799013,grab,Picked Up,n/a,n/a,n/a,n/a,n/a
27.90857900016785,release,Snapped!,n/a,n/a,n/a,21.91686774387564,0.09903126488674921
27.908702553054663,1,MOVE SOMEWHERE AND SOMETHING,0.0,0.5,1.0,n/a,n/a
31.667344700801618,grab,Picked Up,n/a,n/a,n/a,n/a,n/a
33.74240880516222,release,Snapped!,n/a,n/a,n/a,13.596935013213034,0.04010640331799215
33.74253235804903,1,MOVE SOMEWHERE AND SOMETHING,1.0,0.5,0.0,n/a,n/a
36.55108414644693,grab,Picked Up,n/a,n/a,n/a,n/a,n/a
38.784535819337954,release,Snapped!,n/a,n/a,n/a,17.726950075220305,0.07790295156309945
38.784666001891864,1,MOVE SOMEWHERE AND SOMETHING,0.0,1.0,0.0,n/a,n/a
42.4684134031377,grab,Picked Up,n/a,n/a,n/a,n/a,n/a
44.56863016311693,release,Snapped!,n/a,n/a,n/a,16.50848762978115,0.0445478067462333
44.56979216294999,1,MOVE SOMEWHERE AND SOMETHING,0.0,0.75,0.0,n/a,n/a
48.08559322110512,grab,Picked Up,n/a,n/a,n/a,n/a,n/a
49.585416781555786,release,Snapped!,n/a,n/a,n/a,21.514397364605944,0.060767570117559525
49.58571662331769,1,MOVE SOMEWHERE AND SOMETHING,0.0,0.5,0.5,n/a,n/a
52.97738861631917,grab,Picked Up,n/a,n/a,n/a,n/a,n/a
55.194226042115865,release,Snapped!,n/a,n/a,n/a,36.76006155086805,0.13232549501387927
55.19437249748901,1,MOVE SOMEWHERE AND SOMETHING,0.5,0.5,0.0,n/a,n/a
58.46963928885369,grab,Picked Up,n/a,n/a,n/a,n/a,n/a
60.286360635206485,release,Snapped!,n/a,n/a,n/a,12.895217476240266,0.07715718966121929
60.28648659888133,1,MOVE SOMEWHERE AND SOMETHING,0.0,0.5,-0.5,n/a,n/a
63.81171624904284,grab,Picked Up,n/a,n/a,n/a,n/a,n/a
64.74509110820009,release,Snapped!,n/a,n/a,n/a,8.219453846490477,0.05066985325483158
64.74539637423507,1,MOVE SOMEWHERE AND SOMETHING,0.0,0.0,0.0,n/a,n/a
67.5705979688508,grab,Picked Up,n/a,n/a,n/a,n/a,n/a
68.07029948315719,release,Did Not Snap,n/a,n/a,n/a,n/a,n/a
68.41209227170665,grab,Picked Up,n/a,n/a,n/a,n/a,n/a
68.88705548458799,release,Did Not Snap,n/a,n/a,n/a,n/a,n/a
69.09622600173516,grab,Picked Up,n/a,n/a,n/a,n/a,n/a
69.66209852468813,release,Did Not Snap,n/a,n/a,n/a,n/a,n/a
69.94586394657452,grab,Picked Up,n/a,n/a,n/a,n/a,n/a
70.59547037036033,release,Did Not Snap,n/a,n/a,n/a,n/a,n/a
70.77185989584792,grab,Picked Up,n/a,n/a,n/a,n/a,n/a
72.46236051707787,release,Did Not Snap,n/a,n/a,n/a,n/a,n/a
72.86251757991838,grab,Picked Up,n/a,n/a,n/a,n/a,n/a
73.41246865598869,release,Did Not Snap,n/a,n/a,n/a,n/a,n/a
73.7625298448025,grab,Picked Up,n/a,n/a,n/a,n/a,n/a
74.75415295907658,release,Snapped!,n/a,n/a,n/a,16.47787726143639,0.08571678489413714
74.75428314163048,1,MOVE SOMEWHERE AND SOMETHING,-1.0,0.5,0.0,n/a,n/a
77.90453821807205,grab,Picked Up,n/a,n/a,n/a,n/a,n/a
80.06322201218231,release,Snapped!,n/a,n/a,n/a,11.468364936952145,0.05533226822627428
80.06337630261658,1,MOVE SOMEWHERE AND SOMETHING,0.0,0.25,0.0,n/a,n/a
81.06319097328635,FINISHED,FINISHED,n/a,n/a,n/a,n/a,n/a
83.72994683911034,grab,Did Not Pick Up,n/a,n/a,n/a,n/a,n/a
83.80495670074014,release,Did Not Snap,n/a,n/a,n/a,n/a,n/a
