timestamp,event,event result,x,y,z,angular offset,positional offset
1.2053940176897598e-06,1,MOVE SOMEWHERE AND SOMETHING,0.0,0.5,-1.0,n/a,n/a
6.353211486079055,grab,Did Not Pick Up,n/a,n/a,n/a,n/a,n/a
7.187088602788619,release,Did Not Snap,n/a,n/a,n/a,n/a,n/a
7.937744713819873,grab,Did Not Pick Up,n/a,n/a,n/a,n/a,n/a
8.788554904341437,release,Did Not Snap,n/a,n/a,n/a,n/a,n/a
15.678113088258648,grab,Picked Up,n/a,n/a,n/a,n/a,n/a
19.08025001077321,release,Did Not Snap,n/a,n/a,n/a,n/a,n/a
20.348498094121386,grab,Did Not Pick Up,n/a,n/a,n/a,n/a,n/a
21.082444731930917,release,Did Not Snap,n/a,n/a,n/a,n/a,n/a
21.81666650092499,grab,Picked Up,n/a,n/a,n/a,n/a,n/a
31.72412388195938,release,Snapped!,n/a,n/a,n/a,3.820748464303021,0.029054307643498454
31.72482301048964,1,MOVE SOMEWHERE AND SOMETHING,-0.5,0.5,0.0,n/a,n/a
35.44524362067817,grab,Picked Up,n/a,n/a,n/a,n/a,n/a
42.41723026370706,release,Did Not Snap,n/a,n/a,n/a,n/a,n/a
43.80207008341628,grab,Picked Up,n/a,n/a,n/a,n/a,n/a
49.10668038405059,release,Did Not Snap,n/a,n/a,n/a,n/a,n/a
49.523980560610674,grab,Picked Up,n/a,n/a,n/a,n/a,n/a
50.39043917626989,release,Did Not Snap,n/a,n/a,n/a,n/a,n/a
50.70778446470109,grab,Picked Up,n/a,n/a,n/a,n/a,n/a
52.859962747297885,release,Snapped!,n/a,n/a,n/a,2.945797821889192,0.05275490737083018
52.86082791885408,1,MOVE SOMEWHERE AND SOMETHING,0.0,0.5,1.0,n/a,n/a
55.96284041457116,grab,Picked Up,n/a,n/a,n/a,n/a,n/a
62.21786924307584,release,Did Not Snap,n/a,n/a,n/a,n/a,n/a
63.38645565038993,grab,Picked Up,n/a,n/a,n/a,n/a,n/a
67.53924386235967,release,Did Not Snap,n/a,n/a,n/a,n/a,n/a
68.95758580069955,grab,Picked Up,n/a,n/a,n/a,n/a,n/a
72.09234613974073,release,Did Not Snap,n/a,n/a,n/a,n/a,n/a
72.44274182539446,grab,Picked Up,n/a,n/a,n/a,n/a,n/a
74.5286165060027,release,Did Not Snap,n/a,n/a,n/a,n/a,n/a
74.81243767736242,grab,Picked Up,n/a,n/a,n/a,n/a,n/a
75.44597891102896,release,Did Not Snap,n/a,n/a,n/a,n/a,n/a
75.64644286718637,grab,Picked Up,n/a,n/a,n/a,n/a,n/a
77.46390643490555,release,Did Not Snap,n/a,n/a,n/a,n/a,n/a
77.79821704143873,grab,Picked Up,n/a,n/a,n/a,n/a,n/a
79.18190390177003,release,Did Not Snap,n/a,n/a,n/a,n/a,n/a
79.53241018232488,grab,Picked Up,n/a,n/a,n/a,n/a,n/a
80.7344764084803,release,Did Not Snap,n/a,n/a,n/a,n/a,n/a
81.11759824036581,grab,Picked Up,n/a,n/a,n/a,n/a,n/a
85.77117432800037,release,Did Not Snap,n/a,n/a,n/a,n/a,n/a
86.13896535607189,grab,Picked Up,n/a,n/a,n/a,n/a,n/a
99.36605586338305,release,Did Not Snap,n/a,n/a,n/a,n/a,n/a
99.71640453867009,grab,Picked Up,n/a,n/a,n/a,n/a,n/a
101.65208863141673,release,Did Not Snap,n/a,n/a,n/a,n/a,n/a
101.88626926633995,grab,Picked Up,n/a,n/a,n/a,n/a,n/a
103.25342023018807,release,Did Not Snap,n/a,n/a,n/a,n/a,n/a
103.53734958566088,grab,Picked Up,n/a,n/a,n/a,n/a,n/a
104.2204897696703,release,Did Not Snap,n/a,n/a,n/a,n/a,n/a
104.58882412909529,grab,Picked Up,n/a,n/a,n/a,n/a,n/a
106.27259141934242,release,Did Not Snap,n/a,n/a,n/a,n/a,n/a
106.52321031383337,grab,Picked Up,n/a,n/a,n/a,n/a,n/a
107.74059800199915,release,Did Not Snap,n/a,n/a,n/a,n/a,n/a
107.95816438982804,grab,Picked Up,n/a,n/a,n/a,n/a,n/a
108.67473195803903,release,Did Not Snap,n/a,n/a,n/a,n/a,n/a
109.00867009782074,grab,Picked Up,n/a,n/a,n/a,n/a,n/a
109.77508492754225,release,Did Not Snap,n/a,n/a,n/a,n/a,n/a
110.00859234990659,grab,Picked Up,n/a,n/a,n/a,n/a,n/a
110.42558816447722,release,Did Not Snap,n/a,n/a,n/a,n/a,n/a
111.49310861172661,grab,Picked Up,n/a,n/a,n/a,n/a,n/a
112.2102207166851,release,Did Not Snap,n/a,n/a,n/a,n/a,n/a
112.37724191986722,grab,Picked Up,n/a,n/a,n/a,n/a,n/a
117.73176366924349,release,Did Not Snap,n/a,n/a,n/a,n/a,n/a
118.06552371205909,grab,Picked Up,n/a,n/a,n/a,n/a,n/a
118.73257068053834,release,Did Not Snap,n/a,n/a,n/a,n/a,n/a
119.10074140772544,grab,Picked Up,n/a,n/a,n/a,n/a,n/a
119.8511058134044,release,Did Not Snap,n/a,n/a,n/a,n/a,n/a
120.00058491744709,grab,Picked Up,n/a,n/a,n/a,n/a,n/a
120.45112443674198,release,Did Not Snap,n/a,n/a,n/a,n/a,n/a
122.26984191558806,grab,Did Not Pick Up,n/a,n/a,n/a,n/a,n/a
123.35381629252743,release,Did Not Snap,n/a,n/a,n/a,n/a,n/a
123.67060830510451,grab,Did Not Pick Up,n/a,n/a,n/a,n/a,n/a
125.00556681092219,release,Did Not Snap,n/a,n/a,n/a,n/a,n/a
127.0576202448336,grab,Picked Up,n/a,n/a,n/a,n/a,n/a
138.0660543867754,release,Snapped!,n/a,n/a,n/a,7.719138838831576,0.09087302892341538
138.06633795571804,1,MOVE SOMEWHERE AND SOMETHING,1.0,0.5,0.0,n/a,n/a
141.28660834367713,grab,Picked Up,n/a,n/a,n/a,n/a,n/a
146.79102324994116,release,Snapped!,n/a,n/a,n/a,10.948646270657719,0.040775733978538606
146.79184141113066,1,MOVE SOMEWHERE AND SOMETHING,0.0,1.0,0.0,n/a,n/a
149.95970639012518,grab,Picked Up,n/a,n/a,n/a,n/a,n/a
152.8796299560905,release,Snapped!,n/a,n/a,n/a,5.76388507112934,0.1772300679429768
152.88045565099262,1,MOVE SOMEWHERE AND SOMETHING,0.0,0.75,0.0,n/a,n/a
156.39874042352122,grab,Picked Up,n/a,n/a,n/a,n/a,n/a
158.3669794965491,release,Snapped!,n/a,n/a,n/a,3.039907417774794,0.12514879553711541
158.3672519155971,1,MOVE SOMEWHERE AND SOMETHING,0.0,0.5,0.5,n/a,n/a
161.05388171528773,grab,Picked Up,n/a,n/a,n/a,n/a,n/a
163.5886002271565,release,Snapped!,n/a,n/a,n/a,5.760047193101025,0.03619816685654978
163.58919749989226,1,MOVE SOMEWHERE AND SOMETHING,0.5,0.5,0.0,n/a,n/a
166.3915785749651,grab,Picked Up,n/a,n/a,n/a,n/a,n/a
168.77588771995804,release,Snapped!,n/a,n/a,n/a,6.3266842301325745,0.054010618712997095
168.77616315249108,1,MOVE SOMEWHERE AND SOMETHING,0.0,0.5,-0.5,n/a,n/a
171.262240399564,grab,Picked Up,n/a,n/a,n/a,n/a,n/a
174.8149509238893,release,Snapped!,n/a,n/a,n/a,3.4896994826199945,0.10229958915874642
174.8153857697812,1,MOVE SOMEWHERE AND SOMETHING,0.0,0.0,0.0,n/a,n/a
177.70028480447152,grab,Picked Up,n/a,n/a,n/a,n/a,n/a
178.93529113429688,release,Did Not Snap,n/a,n/a,n/a,n/a,n/a
179.46934788484992,grab,Picked Up,n/a,n/a,n/a,n/a,n/a
180.30332685735397,release,Did Not Snap,n/a,n/a,n/a,n/a,n/a
180.6205784264003,grab,Picked Up,n/a,n/a,n/a,n/a,n/a
181.57033700104597,release,Did Not Snap,n/a,n/a,n/a,n/a,n/a
181.87166501377013,grab,Picked Up,n/a,n/a,n/a,n/a,n/a
184.10650349247848,release,Did Not Snap,n/a,n/a,n/a,n/a,n/a
184.4237405967966,grab,Picked Up,n/a,n/a,n/a,n/a,n/a
185.50770050900775,release,Snapped!,n/a,n/a,n/a,4.178788561834144,0.11845632200305234
185.50854458616865,1,MOVE SOMEWHERE AND SOMETHING,-1.0,0.5,0.0,n/a,n/a
187.50869887660292,grab,Did Not Pick Up,n/a,n/a,n/a,n/a,n/a
187.97584269849148,release,Did Not Snap,n/a,n/a,n/a,n/a,n/a
188.32603075502567,grab,Picked Up,n/a,n/a,n/a,n/a,n/a
200.42094378132705,release,Snapped!,n/a,n/a,n/a,9.773581908132902,0.07428933800056982
200.42190839788972,1,MOVE SOMEWHERE AND SOMETHING,0.0,0.25,0.0,n/a,n/a
201.42176917488067,FINISHED,FINISHED,n/a,n/a,n/a,n/a,n/a
