timestamp,event,event result,x,y,z,angular offset,positional offset
171.17898956038377,3,MOVE SOMEWHERE AND SOMETHING,0.0,0.0,0.0,n/a,n/a
175.89772653647807,grab,Picked Up,n/a,n/a,n/a,n/a,n/a
181.0024255541121,release,Snapped!,n/a,n/a,n/a,11.884705565681761,0.05378230008580416
181.0028007330001,3,MOVE SOMEWHERE AND SOMETHING,0.0,1.0,0.0,n/a,n/a
183.6382404622445,grab,Did Not Pick Up,n/a,n/a,n/a,n/a,n/a
184.5394641481164,release,Did Not Snap,n/a,n/a,n/a,n/a,n/a
185.34005310363344,grab,Did Not Pick Up,n/a,n/a,n/a,n/a,n/a
185.7398859154832,release,Did Not Snap,n/a,n/a,n/a,n/a,n/a
186.92390889993632,grab,Picked Up,n/a,n/a,n/a,n/a,n/a
194.29777089497793,release,Snapped!,n/a,n/a,n/a,7.464308479415825,0.12425919113835554
194.29861497213884,3,MOVE SOMEWHERE AND SOMETHING,0.0,0.5,1.0,n/a,n/a
197.00034172920402,grab,Picked Up,n/a,n/a,n/a,n/a,n/a
199.85284549832045,release,Snapped!,n/a,n/a,n/a,13.15643071416206,0.0632268806153052
199.85374291416662,3,MOVE SOMEWHERE AND SOMETHING,0.0,0.5,-0.5,n/a,n/a
202.1038202853951,grab,Did Not Pick Up,n/a,n/a,n/a,n/a,n/a
203.02119775784658,release,Did Not Snap,n/a,n/a,n/a,n/a,n/a
203.28902817216763,grab,Picked Up,n/a,n/a,n/a,n/a,n/a
208.47664805236954,release,Snapped!,n/a,n/a,n/a,11.972415563677957,0.051338670949251736
208.47748580121186,3,MOVE SOMEWHERE AND SOMETHING,0.0,0.25,0.0,n/a,n/a
211.7297678380987,grab,Picked Up,n/a,n/a,n/a,n/a,n/a
214.4308891860185,release,Did Not Snap,n/a,n/a,n/a,n/a,n/a
214.74808078671245,grab,Picked Up,n/a,n/a,n/a,n/a,n/a
215.38170549391472,release,Snapped!,n/a,n/a,n/a,8.588852941478793,0.11724813370887117
215.3819287931565,3,MOVE SOMEWHERE AND SOMETHING,-1.0,0.5,0.0,n/a,n/a
218.46887205556143,grab,Picked Up,n/a,n/a,n/a,n/a,n/a
221.75402428326518,release,Did Not Snap,n/a,n/a,n/a,n/a,n/a
222.03767971294747,grab,Picked Up,n/a,n/a,n/a,n/a,n/a
228.64346885879624,release,Snapped!,n/a,n/a,n/a,30.613204153598335,0.05613180389955839
228.64386061185198,3,MOVE SOMEWHERE AND SOMETHING,-0.5,0.5,0.0,n/a,n/a
232.08064658540502,grab,Picked Up,n/a,n/a,n/a,n/a,n/a
236.46669240182894,release,Snapped!,n/a,n/a,n/a,18.57950062207694,0.09729556179166461
236.46698953145432,3,MOVE SOMEWHERE AND SOMETHING,0.0,0.5,0.5,n/a,n/a
239.38637488899076,grab,Picked Up,n/a,n/a,n/a,n/a,n/a
251.7307357694949,release,Snapped!,n/a,n/a,n/a,8.42409977077701,0.05001892089112568
251.73156869676114,3,MOVE SOMEWHERE AND SOMETHING,0.0,0.75,0.0,n/a,n/a
255.19978260718892,grab,Picked Up,n/a,n/a,n/a,n/a,n/a
257.902591808082,release,Did Not Snap,n/a,n/a,n/a,n/a,n/a
258.3367111487194,grab,Picked Up,n/a,n/a,n/a,n/a,n/a
259.15346865689276,release,Snapped!,n/a,n/a,n/a,9.618032782467463,0.09532005884774612
259.1541277060719,3,MOVE SOMEWHERE AND SOMETHING,1.0,0.5,0.0,n/a,n/a
261.9557291925638,grab,Picked Up,n/a,n/a,n/a,n/a,n/a
267.5776862883718,release,Did Not Snap,n/a,n/a,n/a,n/a,n/a
267.96115738317394,grab,Picked Up,n/a,n/a,n/a,n/a,n/a
268.8289241526909,release,Snapped!,n/a,n/a,n/a,14.268735017983417,0.08982385261357298
268.8297386976983,3,MOVE SOMEWHERE AND SOMETHING,0.5,0.5,0.0,n/a,n/a
271.61481543760175,grab,Picked Up,n/a,n/a,n/a,n/a,n/a
274.582840251843,release,Snapped!,n/a,n/a,n/a,18.64367967013337,0.11122323826637544
274.5830442647805,3,MOVE SOMEWHERE AND SOMETHING,0.0,0.5,-1.0,n/a,n/a
275.58424875475265,FINISHED,FINISHED,n/a,n/a,n/a,n/a,n/a
