timestamp,event,event result,x,y,z,angular offset,positional offset
175.7336443852596,3,MOVE SOMEWHERE AND SOMETHING,0.0,0.0,0.0,n/a,n/a
180.12728990961654,grab,Picked Up,n/a,n/a,n/a,n/a,n/a
185.51448868541837,release,Did Not Snap,n/a,n/a,n/a,n/a,n/a
185.79828635159475,grab,Picked Up,n/a,n/a,n/a,n/a,n/a
190.85207645693714,release,Snapped!,n/a,n/a,n/a,35.15990566498299,0.09406965284038162
190.85231602899816,3,MOVE SOMEWHERE AND SOMETHING,0.0,1.0,0.0,n/a,n/a
193.60565203227924,grab,Picked Up,n/a,n/a,n/a,n/a,n/a
199.04332186099577,release,Snapped!,n/a,n/a,n/a,22.154388643368193,0.02141891268618793
199.04413128307866,3,MOVE SOMEWHERE AND SOMETHING,0.0,0.5,1.0,n/a,n/a
202.94039447121926,grab,Picked Up,n/a,n/a,n/a,n/a,n/a
209.7029875992077,release,Snapped!,n/a,n/a,n/a,12.303227560000028,0.035681350567088925
209.7039416685727,3,MOVE SOMEWHERE AND SOMETHING,0.0,0.5,-0.5,n/a,n/a
212.58864452538666,grab,Picked Up,n/a,n/a,n/a,n/a,n/a
214.95708013790912,release,Snapped!,n/a,n/a,n/a,13.597125420214152,0.07600048844780528
214.95796610251213,3,MOVE SOMEWHERE AND SOMETHING,0.0,0.25,0.0,n/a,n/a
217.17555268069083,grab,Did Not Pick Up,n/a,n/a,n/a,n/a,n/a
218.20894390307186,release,Did Not Snap,n/a,n/a,n/a,n/a,n/a
218.47617041499004,grab,Picked Up,n/a,n/a,n/a,n/a,n/a
222.4133362383329,release,Snapped!,n/a,n/a,n/a,10.582423174746936,0.021701754258699434
222.4142011085406,3,MOVE SOMEWHERE AND SOMETHING,-1.0,0.5,0.0,n/a,n/a
225.06526907257285,grab,Picked Up,n/a,n/a,n/a,n/a,n/a
229.6535595134668,release,Did Not Snap,n/a,n/a,n/a,n/a,n/a
230.0037144216655,grab,Picked Up,n/a,n/a,n/a,n/a,n/a
232.17193499189523,release,Snapped!,n/a,n/a,n/a,29.791930944583445,0.042900329965329796
232.17278931490526,3,MOVE SOMEWHERE AND SOMETHING,-0.5,0.5,0.0,n/a,n/a
235.97550217468148,grab,Picked Up,n/a,n/a,n/a,n/a,n/a
241.312730738783,release,Snapped!,n/a,n/a,n/a,10.555122979021174,0.011692154053539695
241.31324272989198,3,MOVE SOMEWHERE AND SOMETHING,0.0,0.5,0.5,n/a,n/a
244.01572858383983,grab,Picked Up,n/a,n/a,n/a,n/a,n/a
248.7357502086085,release,Snapped!,n/a,n/a,n/a,19.493477114667122,0.04274946910926483
248.7360560773405,3,MOVE SOMEWHERE AND SOMETHING,0.0,0.75,0.0,n/a,n/a
251.63928282672128,grab,Did Not Pick Up,n/a,n/a,n/a,n/a,n/a
252.1561244412622,release,Did Not Snap,n/a,n/a,n/a,n/a,n/a
253.70752138745672,grab,Picked Up,n/a,n/a,n/a,n/a,n/a
256.6096997453906,release,Snapped!,n/a,n/a,n/a,2.352221582001162,0.027578580563667986
256.61053056321737,3,MOVE SOMEWHERE AND SOMETHING,1.0,0.5,0.0,n/a,n/a
259.47917485957913,grab,Picked Up,n/a,n/a,n/a,n/a,n/a
265.5507604981532,release,Snapped!,n/a,n/a,n/a,11.477807809040083,0.035825783630371186
265.5516030685715,3,MOVE SOMEWHERE AND SOMETHING,0.5,0.5,0.0,n/a,n/a
268.4702347534984,grab,Picked Up,n/a,n/a,n/a,n/a,n/a
271.3891593491716,release,Snapped!,n/a,n/a,n/a,18.26935546236717,0.019845743734814354
271.3899633469814,3,MOVE SOMEWHERE AND SOMETHING,0.0,0.5,-1.0,n/a,n/a
272.39024540918155,FINISHED,FINISHED,n/a,n/a,n/a,n/a,n/a
