timestamp,event,event result,x,y,z,angular offset,positional offset
217.98167620284008,2,MOVE SOMEWHERE AND SOMETHING,0.0,0.5,0.0,n/a,n/a
225.7758250394691,grab,Did Not Pick Up,n/a,n/a,n/a,n/a,n/a
226.7257879284008,release,Did Not Snap,n/a,n/a,n/a,n/a,n/a
231.66423267479644,grab,Picked Up,n/a,n/a,n/a,n/a,n/a
238.30328255912383,release,Snapped!,n/a,n/a,n/a,8.501518637486036,0.04337100619046217
238.3041450185435,2,MOVE SOMEWHERE AND SOMETHING,0.0,0.5,0.0,n/a,n/a
241.0727678287569,grab,Picked Up,n/a,n/a,n/a,n/a,n/a
247.89405279686068,release,Did Not Snap,n/a,n/a,n/a,n/a,n/a
248.3289912027331,grab,Picked Up,n/a,n/a,n/a,n/a,n/a
249.02921784694328,release,Snapped!,n/a,n/a,n/a,4.1935485950487,0.0551078670472566
249.0300775942264,2,MOVE SOMEWHERE AND SOMETHING,0.0,0.5,0.0,n/a,n/a
251.64776186959023,grab,Picked Up,n/a,n/a,n/a,n/a,n/a
256.15206045533154,release,Snapped!,n/a,n/a,n/a,16.053888291802206,0.03949556885983899
256.1528786165211,2,MOVE SOMEWHERE AND SOMETHING,0.0,0.5,0.0,n/a,n/a
258.38724307403197,grab,Did Not Pick Up,n/a,n/a,n/a,n/a,n/a
259.9216084054536,release,Did Not Snap,n/a,n/a,n/a,n/a,n/a
260.18914831981635,grab,Picked Up,n/a,n/a,n/a,n/a,n/a
267.0943142468231,release,Did Not Snap,n/a,n/a,n/a,n/a,n/a
267.3944537410458,grab,Picked Up,n/a,n/a,n/a,n/a,n/a
268.32897945014145,release,Did Not Snap,n/a,n/a,n/a,n/a,n/a
268.5455296908134,grab,Picked Up,n/a,n/a,n/a,n/a,n/a
269.8807130026154,release,Snapped!,n/a,n/a,n/a,28.182923742075918,0.08816440634604691
269.88161765082566,2,MOVE SOMEWHERE AND SOMETHING,0.0,0.5,0.0,n/a,n/a
272.5820034070462,grab,Did Not Pick Up,n/a,n/a,n/a,n/a,n/a
273.74977677609536,release,Did Not Snap,n/a,n/a,n/a,n/a,n/a
274.9010458902543,grab,Did Not Pick Up,n/a,n/a,n/a,n/a,n/a
275.20171063492023,release,Did Not Snap,n/a,n/a,n/a,n/a,n/a
276.386050638,grab,Picked Up,n/a,n/a,n/a,n/a,n/a
281.35710068987714,release,Did Not Snap,n/a,n/a,n/a,n/a,n/a
281.70774589209253,grab,Picked Up,n/a,n/a,n/a,n/a,n/a
283.77590248603474,release,Did Not Snap,n/a,n/a,n/a,n/a,n/a
284.2425756015594,grab,Picked Up,n/a,n/a,n/a,n/a,n/a
284.4925086268543,release,Did Not Snap,n/a,n/a,n/a,n/a,n/a
284.87607555048083,grab,Picked Up,n/a,n/a,n/a,n/a,n/a
286.91179348466454,release,Snapped!,n/a,n/a,n/a,10.567326724582884,0.054864498235520906
286.9126161660816,2,MOVE SOMEWHERE AND SOMETHING,0.0,0.5,0.0,n/a,n/a
289.1976237465032,grab,Picked Up,n/a,n/a,n/a,n/a,n/a
293.7343995646117,release,Snapped!,n/a,n/a,n/a,8.239158400284989,0.07360557577725765
293.7350836257167,2,MOVE SOMEWHERE AND SOMETHING,0.0,0.5,0.0,n/a,n/a
295.2015548377434,grab,Did Not Pick Up,n/a,n/a,n/a,n/a,n/a
295.70234271340826,release,Did Not Snap,n/a,n/a,n/a,n/a,n/a
296.32034792492925,grab,Picked Up,n/a,n/a,n/a,n/a,n/a
299.7391171754484,release,Did Not Snap,n/a,n/a,n/a,n/a,n/a
300.10705315215057,grab,Picked Up,n/a,n/a,n/a,n/a,n/a
303.1259172671789,release,Snapped!,n/a,n/a,n/a,14.26168573340534,0.12010820528984903
303.1267275933073,2,MOVE SOMEWHERE AND SOMETHING,0.0,0.5,0.0,n/a,n/a
305.71138377123793,grab,Did Not Pick Up,n/a,n/a,n/a,n/a,n/a
307.062619013825,release,Did Not Snap,n/a,n/a,n/a,n/a,n/a
307.6131559113879,grab,Did Not Pick Up,n/a,n/a,n/a,n/a,n/a
308.3136359896903,release,Did Not Snap,n/a,n/a,n/a,n/a,n/a
308.6809255738504,grab,Picked Up,n/a,n/a,n/a,n/a,n/a
310.0811420023463,release,Snapped!,n/a,n/a,n/a,17.838927599460824,0.1084207168806605
310.0813637948456,2,MOVE SOMEWHERE AND SOMETHING,0.0,0.5,0.0,n/a,n/a
312.8337276478514,grab,Picked Up,n/a,n/a,n/a,n/a,n/a
317.0717730773438,release,Snapped!,n/a,n/a,n/a,9.45778680897325,0.07870243331410469
317.07271690085963,2,MOVE SOMEWHERE AND SOMETHING,0.0,0.5,0.0,n/a,n/a
319.70725168054526,grab,Picked Up,n/a,n/a,n/a,n/a,n/a
327.8642702228201,release,Did Not Snap,n/a,n/a,n/a,n/a,n/a
328.23121476294267,grab,Picked Up,n/a,n/a,n/a,n/a,n/a
329.8650582491592,release,Did Not Snap,n/a,n/a,n/a,n/a,n/a
330.1319556885105,grab,Picked Up,n/a,n/a,n/a,n/a,n/a
330.71557191275235,release,Snapped!,n/a,n/a,n/a,19.225105152553596,0.12332832625687105
330.7158413183153,2,MOVE SOMEWHERE AND SOMETHING,0.0,0.5,0.0,n/a,n/a
333.6684669226321,grab,Did Not Pick Up,n/a,n/a,n/a,n/a,n/a
334.43548203857443,release,Did Not Snap,n/a,n/a,n/a,n/a,n/a
335.00363546835734,grab,Did Not Pick Up,n/a,n/a,n/a,n/a,n/a
335.30365020429923,release,Did Not Snap,n/a,n/a,n/a,n/a,n/a
336.15481146582846,grab,Picked Up,n/a,n/a,n/a,n/a,n/a
342.8428949707044,release,Snapped!,n/a,n/a,n/a,17.292165112762664,0.13611670775009393
342.84316437626734,2,MOVE SOMEWHERE AND SOMETHING,0.0,0.5,0.0,n/a,n/a
343.84363267184324,FINISHED,FINISHED,n/a,n/a,n/a,n/a,n/a
