timestamp,event,event result,x,y,z,angular offset,positional offset
348.13498243288893,3,MOVE SOMEWHERE AND SOMETHING,0.0,0.0,0.0,n/a,n/a
354.27043496944475,grab,Picked Up,n/a,n/a,n/a,n/a,n/a
361.9595135270823,release,Snapped!,n/a,n/a,n/a,42.46330561130635,0.13336734678571427
361.9598435036947,3,MOVE SOMEWHERE AND SOMETHING,0.0,1.0,0.0,n/a,n/a
363.86084479437034,grab,Did Not Pick Up,n/a,n/a,n/a,n/a,n/a
364.71156066281003,release,Did Not Snap,n/a,n/a,n/a,n/a,n/a
366.43119716419005,grab,Picked Up,n/a,n/a,n/a,n/a,n/a
371.33547983873035,release,Snapped!,n/a,n/a,n/a,24.658585590864188,0.04688536622273142
371.3365960335907,3,MOVE SOMEWHERE AND SOMETHING,0.0,0.5,1.0,n/a,n/a
375.15459660434476,grab,Picked Up,n/a,n/a,n/a,n/a,n/a
379.89221878986274,release,Did Not Snap,n/a,n/a,n/a,n/a,n/a
380.25908136319214,grab,Did Not Pick Up,n/a,n/a,n/a,n/a,n/a
380.72639785777375,release,Did Not Snap,n/a,n/a,n/a,n/a,n/a
381.3427052718209,grab,Picked Up,n/a,n/a,n/a,n/a,n/a
383.0782981765101,release,Did Not Snap,n/a,n/a,n/a,n/a,n/a
383.47850104432325,grab,Picked Up,n/a,n/a,n/a,n/a,n/a
384.2957102739047,release,Snapped!,n/a,n/a,n/a,8.16593932184872,0.053680581070648985
384.2964166347991,3,MOVE SOMEWHERE AND SOMETHING,0.0,0.5,-0.5,n/a,n/a
387.23126780027945,grab,Did Not Pick Up,n/a,n/a,n/a,n/a,n/a
387.76497950679493,release,Did Not Snap,n/a,n/a,n/a,n/a,n/a
388.248714371943,grab,Did Not Pick Up,n/a,n/a,n/a,n/a,n/a
388.7996400090766,release,Did Not Snap,n/a,n/a,n/a,n/a,n/a
389.467138096267,grab,Picked Up,n/a,n/a,n/a,n/a,n/a
395.9561224523621,release,Snapped!,n/a,n/a,n/a,13.017700157147692,0.08138993501236601
395.9569472432187,3,MOVE SOMEWHERE AND SOMETHING,0.0,0.25,0.0,n/a,n/a
398.67539643149127,grab,Picked Up,n/a,n/a,n/a,n/a,n/a
404.9137962468249,release,Snapped!,n/a,n/a,n/a,22.139255766111404,0.1173134669454986
404.9146843208674,3,MOVE SOMEWHERE AND SOMETHING,-1.0,0.5,0.0,n/a,n/a
407.29867976206725,grab,Picked Up,n/a,n/a,n/a,n/a,n/a
412.1199376088056,release,Did Not Snap,n/a,n/a,n/a,n/a,n/a
412.47134552408573,grab,Picked Up,n/a,n/a,n/a,n/a,n/a
414.7390385234888,release,Did Not Snap,n/a,n/a,n/a,n/a,n/a
414.98956369859485,grab,Picked Up,n/a,n/a,n/a,n/a,n/a
420.5931391383301,release,Snapped!,n/a,n/a,n/a,20.363455328990796,0.08119835120184682
420.5933585200413,3,MOVE SOMEWHERE AND SOMETHING,-0.5,0.5,0.0,n/a,n/a
424.99800055267315,grab,Picked Up,n/a,n/a,n/a,n/a,n/a
435.8072306765545,release,Did Not Snap,n/a,n/a,n/a,n/a,n/a
436.14110221831675,grab,Picked Up,n/a,n/a,n/a,n/a,n/a
438.426014572611,release,Did Not Snap,n/a,n/a,n/a,n/a,n/a
438.72668233076195,grab,Picked Up,n/a,n/a,n/a,n/a,n/a
439.92655353441114,release,Did Not Snap,n/a,n/a,n/a,n/a,n/a
440.17692291234044,grab,Picked Up,n/a,n/a,n/a,n/a,n/a
442.69695460214916,release,Snapped!,n/a,n/a,n/a,13.16921270202413,0.03360995097321184
442.6981184100732,3,MOVE SOMEWHERE AND SOMETHING,0.0,0.5,0.5,n/a,n/a
446.14885501129004,grab,Did Not Pick Up,n/a,n/a,n/a,n/a,n/a
446.88253977724924,release,Did Not Snap,n/a,n/a,n/a,n/a,n/a
447.6500488033903,grab,Did Not Pick Up,n/a,n/a,n/a,n/a,n/a
448.05018808666904,release,Did Not Snap,n/a,n/a,n/a,n/a,n/a
449.6521012880539,grab,Picked Up,n/a,n/a,n/a,n/a,n/a
462.69660654462655,release,Snapped!,n/a,n/a,n/a,26.04973702369995,0.09301387841246675
462.69708177121805,3,MOVE SOMEWHERE AND SOMETHING,0.0,0.75,0.0,n/a,n/a
465.5321594603692,grab,Picked Up,n/a,n/a,n/a,n/a,n/a
469.83612487520406,release,Did Not Snap,n/a,n/a,n/a,n/a,n/a
470.17064280950825,grab,Picked Up,n/a,n/a,n/a,n/a,n/a
471.13774971620506,release,Snapped!,n/a,n/a,n/a,8.749181062195731,0.04884416701127099
471.13866792509805,3,MOVE SOMEWHERE AND SOMETHING,1.0,0.5,0.0,n/a,n/a
473.7735842119902,grab,Picked Up,n/a,n/a,n/a,n/a,n/a
482.6642769730266,release,Did Not Snap,n/a,n/a,n/a,n/a,n/a
483.03182722364306,grab,Picked Up,n/a,n/a,n/a,n/a,n/a
485.08235884760717,release,Snapped!,n/a,n/a,n/a,22.145972152638173,0.0702779278347314
485.08265447049,3,MOVE SOMEWHERE AND SOMETHING,0.5,0.5,0.0,n/a,n/a
488.3195734592729,grab,Picked Up,n/a,n/a,n/a,n/a,n/a
492.63957302533106,release,Snapped!,n/a,n/a,n/a,9.273474298499366,0.043012983061641946
492.640660290735,3,MOVE SOMEWHERE AND SOMETHING,0.0,0.5,-1.0,n/a,n/a
493.640761242484,FINISHED,FINISHED,n/a,n/a,n/a,n/a,n/a
