timestamp,event,event result,x,y,z,angular offset,positional offset
9.0404551326732e-07,1,MOVE SOMEWHERE AND SOMETHING,0.0,0.5,-1.0,n/a,n/a
5.168239856534004,grab,Picked Up,n/a,n/a,n/a,n/a,n/a
11.189041039748771,release,Snapped!,n/a,n/a,n/a,6.951471375380608,0.10805573477095061
11.19001801160011,1,MOVE SOMEWHERE AND SOMETHING,-0.5,0.5,0.0,n/a,n/a
13.508651564887716,grab,Picked Up,n/a,n/a,n/a,n/a,n/a
15.176460945083152,release,Snapped!,n/a,n/a,n/a,13.024898474143498,0.009888828442867622
15.177289653470314,1,MOVE SOMEWHERE AND SOMETHING,0.0,0.5,1.0,n/a,n/a
17.378251136008526,grab,Did Not Pick Up,n/a,n/a,n/a,n/a,n/a
17.86197605665593,release,Did Not Snap,n/a,n/a,n/a,n/a,n/a
18.179268307750352,grab,Picked Up,n/a,n/a,n/a,n/a,n/a
20.18037064057953,release,Did Not Snap,n/a,n/a,n/a,n/a,n/a
20.663981350143757,grab,Picked Up,n/a,n/a,n/a,n/a,n/a
21.59779557542045,release,Did Not Snap,n/a,n/a,n/a,n/a,n/a
21.948112609114528,grab,Picked Up,n/a,n/a,n/a,n/a,n/a
22.56541447322624,release,Snapped!,n/a,n/a,n/a,3.2591171459337396,0.05441032969985613
22.565656456075292,1,MOVE SOMEWHERE AND SOMETHING,1.0,0.5,0.0,n/a,n/a
24.93514829510577,grab,Picked Up,n/a,n/a,n/a,n/a,n/a
29.087588449552904,release,Snapped!,n/a,n/a,n/a,9.194052674852209,0.056334269413510746
29.08783615802354,1,MOVE SOMEWHERE AND SOMETHING,0.0,1.0,0.0,n/a,n/a
31.774581976888378,grab,Picked Up,n/a,n/a,n/a,n/a,n/a
33.242343563211016,release,Snapped!,n/a,n/a,n/a,2.791912287855009,0.07462748097710485
33.243203009145624,1,MOVE SOMEWHERE AND SOMETHING,0.0,0.75,0.0,n/a,n/a
36.19490498029633,grab,Picked Up,n/a,n/a,n/a,n/a,n/a
37.845997353557436,release,Snapped!,n/a,n/a,n/a,0.008485000948181365,0.017136142910483702
37.84689055052454,1,MOVE SOMEWHERE AND SOMETHING,0.0,0.5,0.5,n/a,n/a
40.514228923007565,grab,Picked Up,n/a,n/a,n/a,n/a,n/a
41.89892228734364,release,Snapped!,n/a,n/a,n/a,0.5693880674158401,0.048298842664293296
41.89918054301192,1,MOVE SOMEWHERE AND SOMETHING,0.5,0.5,0.0,n/a,n/a
44.86899295658141,grab,Picked Up,n/a,n/a,n/a,n/a,n/a
46.3529758315486,release,Snapped!,n/a,n/a,n/a,6.092668868326789,0.05983068306528581
46.353290439387216,1,MOVE SOMEWHERE AND SOMETHING,0.0,0.5,-0.5,n/a,n/a
49.02171517322868,grab,Picked Up,n/a,n/a,n/a,n/a,n/a
50.27272310863885,release,Snapped!,n/a,n/a,n/a,6.313317576238148,0.017383429455931396
50.273008485672534,1,MOVE SOMEWHERE AND SOMETHING,0.0,0.0,0.0,n/a,n/a
52.97601989141208,grab,Picked Up,n/a,n/a,n/a,n/a,n/a
53.726347231225006,release,Did Not Snap,n/a,n/a,n/a,n/a,n/a
54.29386511701212,grab,Picked Up,n/a,n/a,n/a,n/a,n/a
56.82899768172596,release,Snapped!,n/a,n/a,n/a,1.6356921484713391,0.019226996283093826
56.82986646946421,1,MOVE SOMEWHERE AND SOMETHING,-1.0,0.5,0.0,n/a,n/a
59.56418286188867,grab,Picked Up,n/a,n/a,n/a,n/a,n/a
62.18290226936518,release,Snapped!,n/a,n/a,n/a,9.5660578881978,0.175083308705883
62.183131294228545,1,MOVE SOMEWHERE AND SOMETHING,0.0,0.25,0.0,n/a,n/a
63.185054500383764,FINISHED,FINISHED,n/a,n/a,n/a,n/a,n/a
