timestamp,event,event result,x,y,z,angular offset,positional offset
6.026970088448799e-07,3,MOVE SOMEWHERE AND SOMETHING,0.0,0.0,0.0,n/a,n/a
3.2121077610197872,grab,Did Not Pick Up,n/a,n/a,n/a,n/a,n/a
3.703848250536325,release,Did Not Snap,n/a,n/a,n/a,n/a,n/a
4.003839481294846,grab,Picked Up,n/a,n/a,n/a,n/a,n/a
4.545848216182596,release,Did Not Snap,n/a,n/a,n/a,n/a,n/a
4.628930300200366,grab,Picked Up,n/a,n/a,n/a,n/a,n/a
6.145683318280976,release,Snapped!,n/a,n/a,n/a,32.51709655788472,0.08350039850499495
6.146497863288429,3,MOVE SOMEWHERE AND SOMETHING,0.0,1.0,0.0,n/a,n/a
9.020848796278466,grab,Did Not Pick Up,n/a,n/a,n/a,n/a,n/a
9.770886540178646,release,Did Not Snap,n/a,n/a,n/a,n/a,n/a
10.237626253722784,grab,Did Not Pick Up,n/a,n/a,n/a,n/a,n/a
11.171132500827955,release,Did Not Snap,n/a,n/a,n/a,n/a,n/a
11.913050107927967,grab,Picked Up,n/a,n/a,n/a,n/a,n/a
12.85457463603881,release,Did Not Snap,n/a,n/a,n/a,n/a,n/a
13.379857022188592,grab,Picked Up,n/a,n/a,n/a,n/a,n/a
14.362932988831723,release,Did Not Snap,n/a,n/a,n/a,n/a,n/a
15.096562005317596,grab,Picked Up,n/a,n/a,n/a,n/a,n/a
15.704799005067779,release,Did Not Snap,n/a,n/a,n/a,n/a,n/a
16.14649906868245,grab,Picked Up,n/a,n/a,n/a,n/a,n/a
16.83839402944235,release,Did Not Snap,n/a,n/a,n/a,n/a,n/a
17.313392198750186,grab,Picked Up,n/a,n/a,n/a,n/a,n/a
18.113304325526297,release,Did Not Snap,n/a,n/a,n/a,n/a,n/a
18.73869438349671,grab,Picked Up,n/a,n/a,n/a,n/a,n/a
20.088497015293736,release,Snapped!,n/a,n/a,n/a,9.85800241797404,0.023391651364524133
20.088647990894454,3,MOVE SOMEWHERE AND SOMETHING,0.0,0.5,1.0,n/a,n/a
22.805597970357553,grab,Picked Up,n/a,n/a,n/a,n/a,n/a
24.538871094259704,release,Snapped!,n/a,n/a,n/a,19.243623955146543,0.05600121242278426
24.539019056375373,3,MOVE SOMEWHERE AND SOMETHING,0.0,0.5,-0.5,n/a,n/a
27.258625724253463,grab,Picked Up,n/a,n/a,n/a,n/a,n/a
28.575324318794173,release,Snapped!,n/a,n/a,n/a,4.903694939278808,0.03573441541526851
28.575513867003455,3,MOVE SOMEWHERE AND SOMETHING,0.0,0.25,0.0,n/a,n/a
31.20056008633032,grab,Picked Up,n/a,n/a,n/a,n/a,n/a
32.008877425591784,release,Did Not Snap,n/a,n/a,n/a,n/a,n/a
32.40913152265071,grab,Picked Up,n/a,n/a,n/a,n/a,n/a
33.61737117426773,release,Snapped!,n/a,n/a,n/a,26.75547693939631,0.05454681720283064
33.617521547171435,3,MOVE SOMEWHERE AND SOMETHING,-1.0,0.5,0.0,n/a,n/a
36.94263710678917,grab,Did Not Pick Up,n/a,n/a,n/a,n/a,n/a
37.40929033331254,release,Did Not Snap,n/a,n/a,n/a,n/a,n/a
37.742728535925416,grab,Picked Up,n/a,n/a,n/a,n/a,n/a
39.57627688141665,release,Snapped!,n/a,n/a,n/a,15.505122147034818,0.06499362997608382
39.57666049806278,3,MOVE SOMEWHERE AND SOMETHING,-0.5,0.5,0.0,n/a,n/a
42.143188454012865,grab,Picked Up,n/a,n/a,n/a,n/a,n/a
44.25159405825127,release,Snapped!,n/a,n/a,n/a,37.88079303084463,0.11044977848525125
44.25174503385198,3,MOVE SOMEWHERE AND SOMETHING,0.0,0.5,0.5,n/a,n/a
46.90181523298609,grab,Did Not Pick Up,n/a,n/a,n/a,n/a,n/a
47.410188351855716,release,Did Not Snap,n/a,n/a,n/a,n/a,n/a
48.23543394335311,grab,Picked Up,n/a,n/a,n/a,n/a,n/a
50.3355048506562,release,Snapped!,n/a,n/a,n/a,28.24846482649861,0.07934513831819748
50.33566637345457,3,MOVE SOMEWHERE AND SOMETHING,0.0,0.75,0.0,n/a,n/a
53.502426006134854,grab,Picked Up,n/a,n/a,n/a,n/a,n/a
55.11085195139731,release,Snapped!,n/a,n/a,n/a,13.374636580838407,0.0235261259514877
55.11099298249738,3,MOVE SOMEWHERE AND SOMETHING,1.0,0.5,0.0,n/a,n/a
57.71944484373121,grab,Picked Up,n/a,n/a,n/a,n/a,n/a
59.719564780435974,release,Did Not Snap,n/a,n/a,n/a,n/a,n/a
60.56151170874546,grab,Picked Up,n/a,n/a,n/a,n/a,n/a
61.24471125841026,release,Snapped!,n/a,n/a,n/a,36.59168458021128,0.11797809685175101
61.244869767723586,3,MOVE SOMEWHERE AND SOMETHING,0.5,0.5,0.0,n/a,n/a
64.40338932689895,grab,Picked Up,n/a,n/a,n/a,n/a,n/a
67.09521859368488,release,Snapped!,n/a,n/a,n/a,11.320850502680676,0.0549640920244889
67.0953903623324,3,MOVE SOMEWHERE AND SOMETHING,0.0,0.5,-1.0,n/a,n/a
68.09548739655082,FINISHED,FINISHED,n/a,n/a,n/a,n/a,n/a
