timestamp,event,event result,x,y,z,angular offset,positional offset
9.0404551326732e-07,3,MOVE SOMEWHERE AND SOMETHING,0.0,0.0,0.0,n/a,n/a
3.464356348222662,grab,Picked Up,n/a,n/a,n/a,n/a,n/a
4.997769117021761,release,Snapped!,n/a,n/a,n/a,20.518826153743657,0.04692728553545297
4.99849747635695,3,MOVE SOMEWHERE AND SOMETHING,0.0,1.0,0.0,n/a,n/a
8.573072341420623,grab,Did Not Pick Up,n/a,n/a,n/a,n/a,n/a
9.11481920445803,release,Did Not Snap,n/a,n/a,n/a,n/a,n/a
9.523137688843807,grab,Did Not Pick Up,n/a,n/a,n/a,n/a,n/a
10.031494233545693,release,Did Not Snap,n/a,n/a,n/a,n/a,n/a
10.4234199619879,grab,Picked Up,n/a,n/a,n/a,n/a,n/a
12.667868444502304,release,Snapped!,n/a,n/a,n/a,27.52890110496409,0.12574860991924305
12.667996818965188,3,MOVE SOMEWHERE AND SOMETHING,0.0,0.5,1.0,n/a,n/a
15.793150469033879,grab,Picked Up,n/a,n/a,n/a,n/a,n/a
16.426471115595177,release,Did Not Snap,n/a,n/a,n/a,n/a,n/a
16.63500880088307,grab,Picked Up,n/a,n/a,n/a,n/a,n/a
17.16822719989682,release,Did Not Snap,n/a,n/a,n/a,n/a,n/a
17.37688452054097,grab,Picked Up,n/a,n/a,n/a,n/a,n/a
18.376635003979306,release,Did Not Snap,n/a,n/a,n/a,n/a,n/a
19.060096425494446,grab,Picked Up,n/a,n/a,n/a,n/a,n/a
19.843426549466205,release,Did Not Snap,n/a,n/a,n/a,n/a,n/a
20.077043964034658,grab,Picked Up,n/a,n/a,n/a,n/a,n/a
21.493563045271284,release,Snapped!,n/a,n/a,n/a,35.20592984973646,0.1148495429628128
21.49368961164314,3,MOVE SOMEWHERE AND SOMETHING,0.0,0.5,-0.5,n/a,n/a
24.42715819018526,grab,Did Not Pick Up,n/a,n/a,n/a,n/a,n/a
24.99383410825101,release,Did Not Snap,n/a,n/a,n/a,n/a,n/a
25.26887940846494,grab,Did Not Pick Up,n/a,n/a,n/a,n/a,n/a
25.710595744898846,release,Did Not Snap,n/a,n/a,n/a,n/a,n/a
26.102377127407436,grab,Picked Up,n/a,n/a,n/a,n/a,n/a
28.07748363150261,release,Snapped!,n/a,n/a,n/a,8.606399069927312,0.0437405419848415
28.07762797743623,3,MOVE SOMEWHERE AND SOMETHING,0.0,0.25,0.0,n/a,n/a
31.594528656284005,grab,Picked Up,n/a,n/a,n/a,n/a,n/a
33.32793949645268,release,Snapped!,n/a,n/a,n/a,20.44382576112119,0.06379055976201542
33.32806515877902,3,MOVE SOMEWHERE AND SOMETHING,-1.0,0.5,0.0,n/a,n/a
37.02827462612444,grab,Picked Up,n/a,n/a,n/a,n/a,n/a
37.69497082494455,release,Did Not Snap,n/a,n/a,n/a,n/a,n/a
38.136807700780224,grab,Picked Up,n/a,n/a,n/a,n/a,n/a
38.728352404173435,release,Did Not Snap,n/a,n/a,n/a,n/a,n/a
38.97015233468247,grab,Picked Up,n/a,n/a,n/a,n/a,n/a
39.595118093958654,release,Did Not Snap,n/a,n/a,n/a,n/a,n/a
39.820202524275885,grab,Picked Up,n/a,n/a,n/a,n/a,n/a
42.5203707068762,release,Snapped!,n/a,n/a,n/a,15.379383890128027,0.10020168973773583
42.52049425976301,3,MOVE SOMEWHERE AND SOMETHING,-0.5,0.5,0.0,n/a,n/a
45.37929591127336,grab,Picked Up,n/a,n/a,n/a,n/a,n/a
46.912408838310554,release,Snapped!,n/a,n/a,n/a,44.472095425532096,0.10698120636798004
46.91256614222986,3,MOVE SOMEWHERE AND SOMETHING,0.0,0.5,0.5,n/a,n/a
49.99609000315512,grab,Picked Up,n/a,n/a,n/a,n/a,n/a
50.412666641956086,release,Did Not Snap,n/a,n/a,n/a,n/a,n/a
51.004459053819936,grab,Picked Up,n/a,n/a,n/a,n/a,n/a
55.504818713259965,release,Snapped!,n/a,n/a,n/a,20.203467957903705,0.0891376989928354
55.50494286884379,3,MOVE SOMEWHERE AND SOMETHING,0.0,0.75,0.0,n/a,n/a
58.38008544435495,grab,Picked Up,n/a,n/a,n/a,n/a,n/a
59.45511579768305,release,Did Not Snap,n/a,n/a,n/a,n/a,n/a
59.797024002709726,grab,Picked Up,n/a,n/a,n/a,n/a,n/a
60.27185492359761,release,Did Not Snap,n/a,n/a,n/a,n/a,n/a
60.655368508538864,grab,Picked Up,n/a,n/a,n/a,n/a,n/a
61.138573603016134,release,Did Not Snap,n/a,n/a,n/a,n/a,n/a
61.38031507191531,grab,Picked Up,n/a,n/a,n/a,n/a,n/a
62.32210960828612,release,Did Not Snap,n/a,n/a,n/a,n/a,n/a
62.59721095932187,grab,Picked Up,n/a,n/a,n/a,n/a,n/a
63.26375738793527,release,Did Not Snap,n/a,n/a,n/a,n/a,n/a
63.51397096868778,grab,Picked Up,n/a,n/a,n/a,n/a,n/a
64.07225071472331,release,Did Not Snap,n/a,n/a,n/a,n/a,n/a
64.26411780074656,grab,Picked Up,n/a,n/a,n/a,n/a,n/a
65.21395321926087,release,Snapped!,n/a,n/a,n/a,20.284973101664498,0.11637031484053573
65.21418827109432,3,MOVE SOMEWHERE AND SOMETHING,1.0,0.5,0.0,n/a,n/a
68.47259370959105,grab,Picked Up,n/a,n/a,n/a,n/a,n/a
71.37280637123062,release,Did Not Snap,n/a,n/a,n/a,n/a,n/a
71.85646318711602,grab,Picked Up,n/a,n/a,n/a,n/a,n/a
72.45626785301546,release,Snapped!,n/a,n/a,n/a,29.728101620008207,0.12492122645578986
72.45656890017138,3,MOVE SOMEWHERE AND SOMETHING,0.5,0.5,0.0,n/a,n/a
75.38175732585748,grab,Picked Up,n/a,n/a,n/a,n/a,n/a
77.12330005541799,release,Snapped!,n/a,n/a,n/a,16.58444487396563,0.10442995411438744
77.12344892157917,3,MOVE SOMEWHERE AND SOMETHING,0.0,0.5,-1.0,n/a,n/a
78.13175408636106,FINISHED,FINISHED,n/a,n/a,n/a,n/a,n/a
