timestamp,event,event result,x,y,z,angular offset,positional offset
6.026970088448799e-07,3,MOVE SOMEWHERE AND SOMETHING,0.0,0.0,0.0,n/a,n/a
3.107494929058042,grab,Did Not Pick Up,n/a,n/a,n/a,n/a,n/a
3.624313641112615,release,Did Not Snap,n/a,n/a,n/a,n/a,n/a
4.28319647591005,grab,Picked Up,n/a,n/a,n/a,n/a,n/a
4.89937581684279,release,Did Not Snap,n/a,n/a,n/a,n/a,n/a
5.316180877810113,grab,Picked Up,n/a,n/a,n/a,n/a,n/a
7.074600630360801,release,Snapped!,n/a,n/a,n/a,12.560141684451473,0.06240717397301149
7.075403121428079,3,MOVE SOMEWHERE AND SOMETHING,0.0,1.0,0.0,n/a,n/a
9.874931330209554,grab,Picked Up,n/a,n/a,n/a,n/a,n/a
11.986248563697691,release,Did Not Snap,n/a,n/a,n/a,n/a,n/a
13.236500415710262,grab,Picked Up,n/a,n/a,n/a,n/a,n/a
14.027957908846297,release,Snapped!,n/a,n/a,n/a,12.637266455454974,0.09520050010371221
14.028109185795516,3,MOVE SOMEWHERE AND SOMETHING,0.0,0.5,1.0,n/a,n/a
16.753217573318846,grab,Picked Up,n/a,n/a,n/a,n/a,n/a
17.253209587583477,release,Did Not Snap,n/a,n/a,n/a,n/a,n/a
17.870013322617382,grab,Picked Up,n/a,n/a,n/a,n/a,n/a
18.50327550756882,release,Did Not Snap,n/a,n/a,n/a,n/a,n/a
18.995117250182844,grab,Picked Up,n/a,n/a,n/a,n/a,n/a
19.495065568914335,release,Did Not Snap,n/a,n/a,n/a,n/a,n/a
19.79512671252588,grab,Picked Up,n/a,n/a,n/a,n/a,n/a
22.953761386829925,release,Snapped!,n/a,n/a,n/a,30.913951002926634,0.12243352274736574
22.954263433438292,3,MOVE SOMEWHERE AND SOMETHING,0.0,0.5,-0.5,n/a,n/a
25.94567469971375,grab,Picked Up,n/a,n/a,n/a,n/a,n/a
28.412492763869036,release,Did Not Snap,n/a,n/a,n/a,n/a,n/a
28.80422412252589,grab,Picked Up,n/a,n/a,n/a,n/a,n/a
31.012687374733193,release,Did Not Snap,n/a,n/a,n/a,n/a,n/a
31.554445086316758,grab,Picked Up,n/a,n/a,n/a,n/a,n/a
33.31293234093244,release,Snapped!,n/a,n/a,n/a,31.72154521131277,0.1176431860243355
33.31305619516775,3,MOVE SOMEWHERE AND SOMETHING,0.0,0.25,0.0,n/a,n/a
36.588482701239776,grab,Picked Up,n/a,n/a,n/a,n/a,n/a
37.413214192188626,release,Did Not Snap,n/a,n/a,n/a,n/a,n/a
37.75499010522186,grab,Picked Up,n/a,n/a,n/a,n/a,n/a
38.504939252661735,release,Did Not Snap,n/a,n/a,n/a,n/a,n/a
38.94675081522304,grab,Picked Up,n/a,n/a,n/a,n/a,n/a
39.6133689647805,release,Did Not Snap,n/a,n/a,n/a,n/a,n/a
39.86366300558369,grab,Picked Up,n/a,n/a,n/a,n/a,n/a
42.03871273562063,release,Snapped!,n/a,n/a,n/a,35.569539602500875,0.13234417348294802
42.03883598715894,3,MOVE SOMEWHERE AND SOMETHING,-1.0,0.5,0.0,n/a,n/a
45.08884597686186,grab,Did Not Pick Up,n/a,n/a,n/a,n/a,n/a
45.555563993313676,release,Did Not Snap,n/a,n/a,n/a,n/a,n/a
46.172321019329395,grab,Did Not Pick Up,n/a,n/a,n/a,n/a,n/a
47.089047579011314,release,Did Not Snap,n/a,n/a,n/a,n/a,n/a
47.5057408396835,grab,Did Not Pick Up,n/a,n/a,n/a,n/a,n/a
48.305815694652,release,Did Not Snap,n/a,n/a,n/a,n/a,n/a
48.74755613896626,grab,Picked Up,n/a,n/a,n/a,n/a,n/a
51.439396856995366,release,Snapped!,n/a,n/a,n/a,28.904448878291355,0.1083091462064894
51.439544517762535,3,MOVE SOMEWHERE AND SOMETHING,-0.5,0.5,0.0,n/a,n/a
54.364714259841364,grab,Picked Up,n/a,n/a,n/a,n/a,n/a
57.63993825971841,release,Snapped!,n/a,n/a,n/a,39.9990184480218,0.12521095446231623
57.64006874362083,3,MOVE SOMEWHERE AND SOMETHING,0.0,0.5,0.5,n/a,n/a
60.7902762069987,grab,Picked Up,n/a,n/a,n/a,n/a,n/a
61.548609773877125,release,Did Not Snap,n/a,n/a,n/a,n/a,n/a
61.8737081566301,grab,Picked Up,n/a,n/a,n/a,n/a,n/a
62.45702062157951,release,Did Not Snap,n/a,n/a,n/a,n/a,n/a
62.798799246749276,grab,Picked Up,n/a,n/a,n/a,n/a,n/a
63.43211326364348,release,Did Not Snap,n/a,n/a,n/a,n/a,n/a
63.99055031359832,grab,Picked Up,n/a,n/a,n/a,n/a,n/a
65.61561642192648,release,Snapped!,n/a,n/a,n/a,11.868157454776455,0.027296878399116615
65.61589426524756,3,MOVE SOMEWHERE AND SOMETHING,0.0,0.75,0.0,n/a,n/a
68.71606732969364,grab,Did Not Pick Up,n/a,n/a,n/a,n/a,n/a
69.31596692037198,release,Did Not Snap,n/a,n/a,n/a,n/a,n/a
69.82434275137814,grab,Did Not Pick Up,n/a,n/a,n/a,n/a,n/a
70.44104252117802,release,Did Not Snap,n/a,n/a,n/a,n/a,n/a
70.82452717666285,grab,Picked Up,n/a,n/a,n/a,n/a,n/a
71.74951731503305,release,Did Not Snap,n/a,n/a,n/a,n/a,n/a
72.30789108180196,grab,Picked Up,n/a,n/a,n/a,n/a,n/a
73.04957544515955,release,Did Not Snap,n/a,n/a,n/a,n/a,n/a
73.4080273817305,grab,Picked Up,n/a,n/a,n/a,n/a,n/a
74.14965268078123,release,Did Not Snap,n/a,n/a,n/a,n/a,n/a
74.50809346745753,grab,Picked Up,n/a,n/a,n/a,n/a,n/a
75.46647392416324,release,Did Not Snap,n/a,n/a,n/a,n/a,n/a
75.78376105233309,grab,Picked Up,n/a,n/a,n/a,n/a,n/a
76.57486054344587,release,Did Not Snap,n/a,n/a,n/a,n/a,n/a
77.25857660444724,grab,Picked Up,n/a,n/a,n/a,n/a,n/a
77.82493399714382,release,Did Not Snap,n/a,n/a,n/a,n/a,n/a
78.35861526746037,grab,Picked Up,n/a,n/a,n/a,n/a,n/a
79.01671580154031,release,Did Not Snap,n/a,n/a,n/a,n/a,n/a
79.6836356009507,grab,Picked Up,n/a,n/a,n/a,n/a,n/a
80.44907466421489,release,Snapped!,n/a,n/a,n/a,35.832871369565375,0.13422071520610857
80.44924402207438,3,MOVE SOMEWHERE AND SOMETHING,1.0,0.5,0.0,n/a,n/a
92.5095640481591,grab,Did Not Pick Up,n/a,n/a,n/a,n/a,n/a
92.96793109485637,release,Did Not Snap,n/a,n/a,n/a,n/a,n/a
94.94312167518429,grab,Did Not Pick Up,n/a,n/a,n/a,n/a,n/a
95.60983625626315,release,Did Not Snap,n/a,n/a,n/a,n/a,n/a
100.55198608252067,grab,Picked Up,n/a,n/a,n/a,n/a,n/a
101.9104145139083,release,Did Not Snap,n/a,n/a,n/a,n/a,n/a
107.95266176613728,grab,Picked Up,n/a,n/a,n/a,n/a,n/a
111.0361220425281,release,Snapped!,n/a,n/a,n/a,25.456377222212097,0.11570169165216118
111.03626608711322,3,MOVE SOMEWHERE AND SOMETHING,0.5,0.5,0.0,n/a,n/a
114.7448804655955,grab,Picked Up,n/a,n/a,n/a,n/a,n/a
116.95331900722543,release,Did Not Snap,n/a,n/a,n/a,n/a,n/a
117.47843293956124,grab,Picked Up,n/a,n/a,n/a,n/a,n/a
118.0617080372961,release,Did Not Snap,n/a,n/a,n/a,n/a,n/a
118.35349836985526,grab,Picked Up,n/a,n/a,n/a,n/a,n/a
118.91174828238886,release,Did Not Snap,n/a,n/a,n/a,n/a,n/a
119.24522385221628,grab,Picked Up,n/a,n/a,n/a,n/a,n/a
120.3869100839346,release,Snapped!,n/a,n/a,n/a,27.392054041740284,0.05090146044184631
120.38703634895795,3,MOVE SOMEWHERE AND SOMETHING,0.0,0.5,-1.0,n/a,n/a
121.38700591275901,FINISHED,FINISHED,n/a,n/a,n/a,n/a,n/a
