timestamp,event,event result,x,y,z,angular offset,positional offset
6.026970088448799e-07,2,MOVE SOMEWHERE AND SOMETHING,0.0,0.5,0.0,n/a,n/a
3.622031830237128,grab,Picked Up,n/a,n/a,n/a,n/a,n/a
5.980375884043506,release,Snapped!,n/a,n/a,n/a,18.401823334672446,0.08998187856704526
5.98103915210174,2,MOVE SOMEWHERE AND SOMETHING,0.0,0.5,0.0,n/a,n/a
9.847506205519077,grab,Picked Up,n/a,n/a,n/a,n/a,n/a
11.416926203066101,release,Snapped!,n/a,n/a,n/a,11.846874327033571,0.021940080330421458
11.417048851907401,2,MOVE SOMEWHERE AND SOMETHING,0.0,0.5,0.0,n/a,n/a
13.042042636594497,grab,Did Not Pick Up,n/a,n/a,n/a,n/a,n/a
13.125457108012645,release,Did Not Snap,n/a,n/a,n/a,n/a,n/a
14.82561474341531,grab,Picked Up,n/a,n/a,n/a,n/a,n/a
17.78412267053839,release,Snapped!,n/a,n/a,n/a,27.066414512190967,0.12074265848171957
17.784246826122214,2,MOVE SOMEWHERE AND SOMETHING,0.0,0.5,0.0,n/a,n/a
20.676096464067054,grab,Did Not Pick Up,n/a,n/a,n/a,n/a,n/a
21.20946553733301,release,Did Not Snap,n/a,n/a,n/a,n/a,n/a
21.584523584588677,grab,Picked Up,n/a,n/a,n/a,n/a,n/a
25.068098735029384,release,Snapped!,n/a,n/a,n/a,22.246302843478293,0.046870428800950575
25.068222890613207,2,MOVE SOMEWHERE AND SOMETHING,0.0,0.5,0.0,n/a,n/a
28.185344096296518,grab,Picked Up,n/a,n/a,n/a,n/a,n/a
31.426983408052696,release,Snapped!,n/a,n/a,n/a,9.720573359394763,0.03332190472116494
31.427110878470067,2,MOVE SOMEWHERE AND SOMETHING,0.0,0.5,0.0,n/a,n/a
34.96065895274765,grab,Picked Up,n/a,n/a,n/a,n/a,n/a
36.76905856015082,release,Did Not Snap,n/a,n/a,n/a,n/a,n/a
37.16919904882358,grab,Picked Up,n/a,n/a,n/a,n/a,n/a
39.16096620768276,release,Snapped!,n/a,n/a,n/a,12.371123255169058,0.06311215494037964
39.161115073843945,2,MOVE SOMEWHERE AND SOMETHING,0.0,0.5,0.0,n/a,n/a
42.62817964107585,grab,Picked Up,n/a,n/a,n/a,n/a,n/a
44.51976379098829,release,Snapped!,n/a,n/a,n/a,9.998268497495513,0.052897532348106784
44.520592499375454,2,MOVE SOMEWHERE AND SOMETHING,0.0,0.5,0.0,n/a,n/a
47.820132611422856,grab,Did Not Pick Up,n/a,n/a,n/a,n/a,n/a
48.42028141731434,release,Did Not Snap,n/a,n/a,n/a,n/a,n/a
48.96184867664311,grab,Picked Up,n/a,n/a,n/a,n/a,n/a
49.495267472412294,release,Snapped!,n/a,n/a,n/a,40.99661414577477,0.09554565388883321
49.495411818345914,2,MOVE SOMEWHERE AND SOMETHING,0.0,0.5,0.0,n/a,n/a
53.2455589517532,grab,Picked Up,n/a,n/a,n/a,n/a,n/a
54.76224808395087,release,Snapped!,n/a,n/a,n/a,28.05895489454235,0.059610117894639415
54.76258499157882,2,MOVE SOMEWHERE AND SOMETHING,0.0,0.5,0.0,n/a,n/a
58.07926460116375,grab,Picked Up,n/a,n/a,n/a,n/a,n/a
58.91280601563938,release,Did Not Snap,n/a,n/a,n/a,n/a,n/a
59.20437847322986,grab,Picked Up,n/a,n/a,n/a,n/a,n/a
61.32115674431513,release,Did Not Snap,n/a,n/a,n/a,n/a,n/a
61.89632978616009,grab,Picked Up,n/a,n/a,n/a,n/a,n/a
62.44625313816799,release,Snapped!,n/a,n/a,n/a,39.418149288674115,0.13627583435973395
62.44637518431228,2,MOVE SOMEWHERE AND SOMETHING,0.0,0.5,0.0,n/a,n/a
65.70507443760081,grab,Picked Up,n/a,n/a,n/a,n/a,n/a
67.46338028041684,release,Snapped!,n/a,n/a,n/a,13.99236544474977,0.06827252202345567
67.46354903557932,2,MOVE SOMEWHERE AND SOMETHING,0.0,0.5,0.0,n/a,n/a
68.46349057396945,FINISHED,FINISHED,n/a,n/a,n/a,n/a,n/a
