timestamp,event,event result,x,y,z,angular offset,positional offset
6.026970088448799e-07,1,MOVE SOMEWHERE AND SOMETHING,0.0,0.5,-1.0,n/a,n/a
3.0322108402892103,grab,Picked Up,n/a,n/a,n/a,n/a,n/a
4.482120239861356,release,Snapped!,n/a,n/a,n/a,19.843716209103757,0.08750145956128902
4.482741620477475,1,MOVE SOMEWHERE AND SOMETHING,-0.5,0.5,0.0,n/a,n/a
7.190775601740228,grab,Picked Up,n/a,n/a,n/a,n/a,n/a
8.074029273596416,release,Snapped!,n/a,n/a,n/a,28.150593809245805,0.10240619229637983
8.074422533394689,1,MOVE SOMEWHERE AND SOMETHING,0.0,0.5,1.0,n/a,n/a
10.94960036668086,grab,Picked Up,n/a,n/a,n/a,n/a,n/a
11.968808320352746,release,Snapped!,n/a,n/a,n/a,23.6093340407734,0.06386374631188352
11.968932174588064,1,MOVE SOMEWHERE AND SOMETHING,1.0,0.5,0.0,n/a,n/a
14.794128646279235,grab,Picked Up,n/a,n/a,n/a,n/a,n/a
16.63586794546918,release,Snapped!,n/a,n/a,n/a,11.071718088408318,0.10907590597037016
16.635997525326083,1,MOVE SOMEWHERE AND SOMETHING,0.0,1.0,0.0,n/a,n/a
19.2529317442624,grab,Picked Up,n/a,n/a,n/a,n/a,n/a
20.852893111384134,release,Snapped!,n/a,n/a,n/a,12.449244142093114,0.07157301681377513
20.853040169454292,1,MOVE SOMEWHERE AND SOMETHING,0.0,0.75,0.0,n/a,n/a
23.770203684467624,grab,Picked Up,n/a,n/a,n/a,n/a,n/a
24.720111426622996,release,Snapped!,n/a,n/a,n/a,10.082985233498722,0.02124900503594074
24.720287414149578,1,MOVE SOMEWHERE AND SOMETHING,0.0,0.5,0.5,n/a,n/a
27.478637253847243,grab,Picked Up,n/a,n/a,n/a,n/a,n/a
28.236902113266655,release,Did Not Snap,n/a,n/a,n/a,n/a,n/a
28.945378775482407,grab,Picked Up,n/a,n/a,n/a,n/a,n/a
29.44531021869765,release,Snapped!,n/a,n/a,n/a,43.86574710117295,0.10918680489576858
29.44543377158446,1,MOVE SOMEWHERE AND SOMETHING,0.5,0.5,0.0,n/a,n/a
32.112255934079414,grab,Picked Up,n/a,n/a,n/a,n/a,n/a
33.29574764111924,release,Snapped!,n/a,n/a,n/a,12.027922711404344,0.028351330530437955
33.29605411254824,1,MOVE SOMEWHERE AND SOMETHING,0.0,0.5,-0.5,n/a,n/a
36.11264075611956,grab,Picked Up,n/a,n/a,n/a,n/a,n/a
37.06268018757136,release,Snapped!,n/a,n/a,n/a,21.014627252690634,0.07789387134444202
37.06282875238404,1,MOVE SOMEWHERE AND SOMETHING,0.0,0.0,0.0,n/a,n/a
40.28782488758947,grab,Did Not Pick Up,n/a,n/a,n/a,n/a,n/a
41.44632425641503,release,Did Not Snap,n/a,n/a,n/a,n/a,n/a
41.9381554518314,grab,Picked Up,n/a,n/a,n/a,n/a,n/a
43.13823579134268,release,Did Not Snap,n/a,n/a,n/a,n/a,n/a
43.50504020441072,grab,Picked Up,n/a,n/a,n/a,n/a,n/a
44.40501148589824,release,Snapped!,n/a,n/a,n/a,4.70197382258576,0.02953888460603288
44.40516426958999,1,MOVE SOMEWHERE AND SOMETHING,-1.0,0.5,0.0,n/a,n/a
47.455187518627106,grab,Did Not Pick Up,n/a,n/a,n/a,n/a,n/a
48.205277998515555,release,Did Not Snap,n/a,n/a,n/a,n/a,n/a
48.721917709558504,grab,Did Not Pick Up,n/a,n/a,n/a,n/a,n/a
49.65533415480936,release,Did Not Snap,n/a,n/a,n/a,n/a,n/a
50.247068406411856,grab,Did Not Pick Up,n/a,n/a,n/a,n/a,n/a
50.80545543251496,release,Did Not Snap,n/a,n/a,n/a,n/a,n/a
51.172085666147446,grab,Did Not Pick Up,n/a,n/a,n/a,n/a,n/a
52.20550039371182,release,Did Not Snap,n/a,n/a,n/a,n/a,n/a
53.13071533806631,grab,Picked Up,n/a,n/a,n/a,n/a,n/a
56.447601974073784,release,Snapped!,n/a,n/a,n/a,27.84354210777126,0.11995992963682098
56.44775053888646,1,MOVE SOMEWHERE AND SOMETHING,0.0,0.25,0.0,n/a,n/a
57.447795439813625,FINISHED,FINISHED,n/a,n/a,n/a,n/a,n/a
