timestamp,event,event result,x,y,z,angular offset,positional offset
9.0404551326732e-07,2,MOVE SOMEWHERE AND SOMETHING,0.0,0.5,0.0,n/a,n/a
4.457283096126858,grab,Picked Up,n/a,n/a,n/a,n/a,n/a
5.10722431810107,release,Did Not Snap,n/a,n/a,n/a,n/a,n/a
5.432313660398919,grab,Picked Up,n/a,n/a,n/a,n/a,n/a
6.048949544315859,release,Did Not Snap,n/a,n/a,n/a,n/a,n/a
6.465722360993208,grab,Picked Up,n/a,n/a,n/a,n/a,n/a
6.98239582306865,release,Did Not Snap,n/a,n/a,n/a,n/a,n/a
8.690837830206391,grab,Did Not Pick Up,n/a,n/a,n/a,n/a,n/a
9.324173845541413,release,Did Not Snap,n/a,n/a,n/a,n/a,n/a
10.24943278677755,grab,Picked Up,n/a,n/a,n/a,n/a,n/a
11.818854291067096,release,Snapped!,n/a,n/a,n/a,15.118117655048243,0.06099918728148858
11.819685711590799,2,MOVE SOMEWHERE AND SOMETHING,0.0,0.5,0.0,n/a,n/a
15.294203531382584,grab,Picked Up,n/a,n/a,n/a,n/a,n/a
16.135912394373584,release,Did Not Snap,n/a,n/a,n/a,n/a,n/a
16.64453894733543,grab,Picked Up,n/a,n/a,n/a,n/a,n/a
17.310998888928065,release,Did Not Snap,n/a,n/a,n/a,n/a,n/a
17.602807905094508,grab,Picked Up,n/a,n/a,n/a,n/a,n/a
18.419595548118274,release,Did Not Snap,n/a,n/a,n/a,n/a,n/a
18.702856813956775,grab,Picked Up,n/a,n/a,n/a,n/a,n/a
23.728251452424455,release,Snapped!,n/a,n/a,n/a,21.985140367929596,0.10894345500138262
23.7283976064491,2,MOVE SOMEWHERE AND SOMETHING,0.0,0.5,0.0,n/a,n/a
26.61195925647681,grab,Picked Up,n/a,n/a,n/a,n/a,n/a
28.90361609164852,release,Did Not Snap,n/a,n/a,n/a,n/a,n/a
29.21305851555124,grab,Picked Up,n/a,n/a,n/a,n/a,n/a
29.895438999981014,release,Snapped!,n/a,n/a,n/a,18.419859682298135,0.04557667058537878
29.89558575670267,2,MOVE SOMEWHERE AND SOMETHING,0.0,0.5,0.0,n/a,n/a
32.83734533664696,grab,Picked Up,n/a,n/a,n/a,n/a,n/a
33.84572372911542,release,Did Not Snap,n/a,n/a,n/a,n/a,n/a
34.78755593404928,grab,Picked Up,n/a,n/a,n/a,n/a,n/a
35.32084424591605,release,Did Not Snap,n/a,n/a,n/a,n/a,n/a
35.7126572700176,grab,Picked Up,n/a,n/a,n/a,n/a,n/a
38.51279239468698,release,Snapped!,n/a,n/a,n/a,10.194016823915367,0.04630502117596288
38.51293704196911,2,MOVE SOMEWHERE AND SOMETHING,0.0,0.5,0.0,n/a,n/a
41.20472833884349,grab,Picked Up,n/a,n/a,n/a,n/a,n/a
41.62973520205568,release,Did Not Snap,n/a,n/a,n/a,n/a,n/a
41.979880467102234,grab,Picked Up,n/a,n/a,n/a,n/a,n/a
42.396456503206196,release,Did Not Snap,n/a,n/a,n/a,n/a,n/a
43.12153174239404,grab,Picked Up,n/a,n/a,n/a,n/a,n/a
44.446637960208136,release,Did Not Snap,n/a,n/a,n/a,n/a,n/a
44.7050322488102,grab,Picked Up,n/a,n/a,n/a,n/a,n/a
45.25503666356579,release,Did Not Snap,n/a,n/a,n/a,n/a,n/a
45.49701770452598,grab,Picked Up,n/a,n/a,n/a,n/a,n/a
48.38856659666341,release,Did Not Snap,n/a,n/a,n/a,n/a,n/a
48.7054140573653,grab,Picked Up,n/a,n/a,n/a,n/a,n/a
49.52207844885076,release,Snapped!,n/a,n/a,n/a,18.95381318690491,0.08107057233569397
49.52220591926813,2,MOVE SOMEWHERE AND SOMETHING,0.0,0.5,0.0,n/a,n/a
53.189313760145275,grab,Picked Up,n/a,n/a,n/a,n/a,n/a
53.77242854047577,release,Did Not Snap,n/a,n/a,n/a,n/a,n/a
54.4394260878003,grab,Picked Up,n/a,n/a,n/a,n/a,n/a
55.08919071955092,release,Did Not Snap,n/a,n/a,n/a,n/a,n/a
55.840428131847204,grab,Picked Up,n/a,n/a,n/a,n/a,n/a
56.53093839622929,release,Did Not Snap,n/a,n/a,n/a,n/a,n/a
56.92271977873787,grab,Picked Up,n/a,n/a,n/a,n/a,n/a
58.31453250149092,release,Snapped!,n/a,n/a,n/a,26.632401733499616,0.12786058282331245
58.3150420818119,2,MOVE SOMEWHERE AND SOMETHING,0.0,0.5,0.0,n/a,n/a
61.6568092557385,grab,Picked Up,n/a,n/a,n/a,n/a,n/a
62.71488604355631,release,Snapped!,n/a,n/a,n/a,13.384353138561856,0.011214907937749808
62.715009596443124,2,MOVE SOMEWHERE AND SOMETHING,0.0,0.5,0.0,n/a,n/a
65.96522377989264,grab,Picked Up,n/a,n/a,n/a,n/a,n/a
66.47345345687417,release,Did Not Snap,n/a,n/a,n/a,n/a,n/a
66.89857694195757,grab,Picked Up,n/a,n/a,n/a,n/a,n/a
70.0987904775078,release,Did Not Snap,n/a,n/a,n/a,n/a,n/a
70.52386333604245,grab,Picked Up,n/a,n/a,n/a,n/a,n/a
72.95736521359431,release,Snapped!,n/a,n/a,n/a,35.512108168100355,0.07284798154119299
72.9575005190728,2,MOVE SOMEWHERE AND SOMETHING,0.0,0.5,0.0,n/a,n/a
76.02444750011828,grab,Picked Up,n/a,n/a,n/a,n/a,n/a
77.2994177645546,release,Did Not Snap,n/a,n/a,n/a,n/a,n/a
77.51614097926813,grab,Picked Up,n/a,n/a,n/a,n/a,n/a
78.13278409554917,release,Did Not Snap,n/a,n/a,n/a,n/a,n/a
78.35792126185467,grab,Picked Up,n/a,n/a,n/a,n/a,n/a
78.8661852925657,release,Did Not Snap,n/a,n/a,n/a,n/a,n/a
79.1913117007296,grab,Picked Up,n/a,n/a,n/a,n/a,n/a
79.94963411771336,release,Did Not Snap,n/a,n/a,n/a,n/a,n/a
80.35807525094043,grab,Picked Up,n/a,n/a,n/a,n/a,n/a
80.97475663848154,release,Did Not Snap,n/a,n/a,n/a,n/a,n/a
81.55819145092374,grab,Picked Up,n/a,n/a,n/a,n/a,n/a
82.34163759406971,release,Snapped!,n/a,n/a,n/a,43.82583988914096,0.0895772137478245
82.34267182213688,2,MOVE SOMEWHERE AND SOMETHING,0.0,0.5,0.0,n/a,n/a
82.54994565179723,grab,Picked Up,n/a,n/a,n/a,n/a,n/a
82.93322418490503,release,Snapped!,n/a,n/a,n/a,0.0,0.0
82.93336943488416,2,MOVE SOMEWHERE AND SOMETHING,0.0,0.5,0.0,n/a,n/a
88.82542851003957,grab,Picked Up,n/a,n/a,n/a,n/a,n/a
89.71711572114053,release,Did Not Snap,n/a,n/a,n/a,n/a,n/a
90.00051138841201,grab,Picked Up,n/a,n/a,n/a,n/a,n/a
90.54218683185387,release,Did Not Snap,n/a,n/a,n/a,n/a,n/a
90.83434330284591,grab,Picked Up,n/a,n/a,n/a,n/a,n/a
91.30890481817083,release,Did Not Snap,n/a,n/a,n/a,n/a,n/a
91.72572253577535,grab,Picked Up,n/a,n/a,n/a,n/a,n/a
93.14238626429409,release,Snapped!,n/a,n/a,n/a,14.92307863253504,0.08408166658575884
93.14251072122642,2,MOVE SOMEWHERE AND SOMETHING,0.0,0.5,0.0,n/a,n/a
94.14245406770759,FINISHED,FINISHED,n/a,n/a,n/a,n/a,n/a
