timestamp,event,event result,x,y,z,angular offset,positional offset
6.026970088448799e-07,3,MOVE SOMEWHERE AND SOMETHING,0.0,0.0,0.0,n/a,n/a
3.5765908865582596,grab,Picked Up,n/a,n/a,n/a,n/a,n/a
5.334834350233861,release,Snapped!,n/a,n/a,n/a,29.926852335421465,0.13015933208473296
5.335562106872041,3,MOVE SOMEWHERE AND SOMETHING,0.0,1.0,0.0,n/a,n/a
8.143732990760354,grab,Picked Up,n/a,n/a,n/a,n/a,n/a
10.101876286193086,release,Snapped!,n/a,n/a,n/a,18.484334801400966,0.13483617435451914
10.102004962004473,3,MOVE SOMEWHERE AND SOMETHING,0.0,0.5,1.0,n/a,n/a
13.088325849343226,grab,Picked Up,n/a,n/a,n/a,n/a,n/a
15.788464198441606,release,Snapped!,n/a,n/a,n/a,13.744442861564265,0.04228955651651012
15.788601914708128,3,MOVE SOMEWHERE AND SOMETHING,0.0,0.5,-0.5,n/a,n/a
18.155452132748838,grab,Picked Up,n/a,n/a,n/a,n/a,n/a
20.138956315616753,release,Snapped!,n/a,n/a,n/a,37.471308769538254,0.11186235657819378
20.139332398550273,3,MOVE SOMEWHERE AND SOMETHING,0.0,0.25,0.0,n/a,n/a
23.955871730406397,grab,Picked Up,n/a,n/a,n/a,n/a,n/a
25.74764895430562,release,Did Not Snap,n/a,n/a,n/a,n/a,n/a
26.372776537728683,grab,Picked Up,n/a,n/a,n/a,n/a,n/a
27.239403004504858,release,Did Not Snap,n/a,n/a,n/a,n/a,n/a
27.93121238228951,grab,Picked Up,n/a,n/a,n/a,n/a,n/a
28.864703260620953,release,Did Not Snap,n/a,n/a,n/a,n/a,n/a
29.47303729458956,grab,Picked Up,n/a,n/a,n/a,n/a,n/a
30.381320370526065,release,Snapped!,n/a,n/a,n/a,33.139762021751544,0.09867769575342399
30.38145688139857,3,MOVE SOMEWHERE AND SOMETHING,-1.0,0.5,0.0,n/a,n/a
32.731613597688295,grab,Picked Up,n/a,n/a,n/a,n/a,n/a
36.22351259651816,release,Did Not Snap,n/a,n/a,n/a,n/a,n/a
36.55706983179028,grab,Picked Up,n/a,n/a,n/a,n/a,n/a
37.29862491663947,release,Did Not Snap,n/a,n/a,n/a,n/a,n/a
37.67381465319157,grab,Picked Up,n/a,n/a,n/a,n/a,n/a
38.590439959776,release,Did Not Snap,n/a,n/a,n/a,n/a,n/a
38.96551247175988,grab,Picked Up,n/a,n/a,n/a,n/a,n/a
39.64891362357413,release,Did Not Snap,n/a,n/a,n/a,n/a,n/a
40.23316117293275,grab,Picked Up,n/a,n/a,n/a,n/a,n/a
40.8238901259245,release,Did Not Snap,n/a,n/a,n/a,n/a,n/a
41.39907100283057,grab,Picked Up,n/a,n/a,n/a,n/a,n/a
44.5993734361896,release,Did Not Snap,n/a,n/a,n/a,n/a,n/a
47.01625293023752,grab,Picked Up,n/a,n/a,n/a,n/a,n/a
48.307857632117965,release,Did Not Snap,n/a,n/a,n/a,n/a,n/a
49.04135857548946,grab,Picked Up,n/a,n/a,n/a,n/a,n/a
49.658083658563704,release,Did Not Snap,n/a,n/a,n/a,n/a,n/a
50.38314413167483,grab,Picked Up,n/a,n/a,n/a,n/a,n/a
51.25812337629659,release,Snapped!,n/a,n/a,n/a,33.94760176983568,0.11258618658144817
51.25825144941097,3,MOVE SOMEWHERE AND SOMETHING,-0.5,0.5,0.0,n/a,n/a
54.04191516617713,grab,Picked Up,n/a,n/a,n/a,n/a,n/a
57.6336614717198,release,Did Not Snap,n/a,n/a,n/a,n/a,n/a
59.10053166916635,grab,Picked Up,n/a,n/a,n/a,n/a,n/a
60.22557231354589,release,Snapped!,n/a,n/a,n/a,21.380819991370988,0.11515445222462031
60.2257027974483,3,MOVE SOMEWHERE AND SOMETHING,0.0,0.5,0.5,n/a,n/a
63.39256157378654,grab,Picked Up,n/a,n/a,n/a,n/a,n/a
66.00108606000994,release,Snapped!,n/a,n/a,n/a,28.25398057904075,0.09922401840712991
66.0012126263818,3,MOVE SOMEWHERE AND SOMETHING,0.0,0.75,0.0,n/a,n/a
69.48475131365346,grab,Picked Up,n/a,n/a,n/a,n/a,n/a
71.02643489350494,release,Snapped!,n/a,n/a,n/a,8.572507060746785,0.04451971292941897
71.02667476691447,3,MOVE SOMEWHERE AND SOMETHING,1.0,0.5,0.0,n/a,n/a
73.5018703194927,grab,Picked Up,n/a,n/a,n/a,n/a,n/a
77.36033687146612,release,Snapped!,n/a,n/a,n/a,28.571553291193933,0.11038933589244862
77.36048875111236,3,MOVE SOMEWHERE AND SOMETHING,0.5,0.5,0.0,n/a,n/a
80.29427886850868,grab,Picked Up,n/a,n/a,n/a,n/a,n/a
82.00240988398987,release,Snapped!,n/a,n/a,n/a,30.30591744344254,0.11480040821736008
82.00253705305873,3,MOVE SOMEWHERE AND SOMETHING,0.0,0.5,-1.0,n/a,n/a
83.01086753111498,FINISHED,FINISHED,n/a,n/a,n/a,n/a,n/a
