timestamp,event,event result,x,y,z,angular offset,positional offset
3.0134850442243996e-07,2,MOVE SOMEWHERE AND SOMETHING,0.0,0.5,0.0,n/a,n/a
4.640145286140952,grab,Picked Up,n/a,n/a,n/a,n/a,n/a
6.448497280480422,release,Snapped!,n/a,n/a,n/a,6.96901737719039,0.010098255991313478
6.449107209853373,2,MOVE SOMEWHERE AND SOMETHING,0.0,0.5,0.0,n/a,n/a
8.765646993732252,grab,Picked Up,n/a,n/a,n/a,n/a,n/a
9.932246610356685,release,Snapped!,n/a,n/a,n/a,22.73320210827289,0.10257800479328617
9.932583216636125,2,MOVE SOMEWHERE AND SOMETHING,0.0,0.5,0.0,n/a,n/a
12.043291123448318,grab,Did Not Pick Up,n/a,n/a,n/a,n/a,n/a
12.726697096838643,release,Did Not Snap,n/a,n/a,n/a,n/a,n/a
13.201826352745902,grab,Picked Up,n/a,n/a,n/a,n/a,n/a
15.935402331894997,release,Snapped!,n/a,n/a,n/a,13.355612252740075,0.07039288553241846
15.935532213100403,2,MOVE SOMEWHERE AND SOMETHING,0.0,0.5,0.0,n/a,n/a
18.79415546629613,grab,Picked Up,n/a,n/a,n/a,n/a,n/a
21.76080884349375,release,Did Not Snap,n/a,n/a,n/a,n/a,n/a
22.6360327831011,grab,Picked Up,n/a,n/a,n/a,n/a,n/a
24.3777725945835,release,Snapped!,n/a,n/a,n/a,21.07264467906032,0.06047279971563909
24.37793472007888,2,MOVE SOMEWHERE AND SOMETHING,0.0,0.5,0.0,n/a,n/a
26.99472248364205,grab,Picked Up,n/a,n/a,n/a,n/a,n/a
28.836625113721393,release,Did Not Snap,n/a,n/a,n/a,n/a,n/a
29.08660846421652,grab,Picked Up,n/a,n/a,n/a,n/a,n/a
31.50334300963381,release,Snapped!,n/a,n/a,n/a,16.93274465219167,0.0691043794393961
31.503469274657164,2,MOVE SOMEWHERE AND SOMETHING,0.0,0.5,0.0,n/a,n/a
34.29531309657587,grab,Picked Up,n/a,n/a,n/a,n/a,n/a
37.16218425833763,release,Snapped!,n/a,n/a,n/a,9.495885374667047,0.06118149535370643
37.16233463124134,2,MOVE SOMEWHERE AND SOMETHING,0.0,0.5,0.0,n/a,n/a
39.39562960291006,grab,Did Not Pick Up,n/a,n/a,n/a,n/a,n/a
39.97068963906585,release,Did Not Snap,n/a,n/a,n/a,n/a,n/a
40.404137876583924,grab,Picked Up,n/a,n/a,n/a,n/a,n/a
42.57923341159354,release,Snapped!,n/a,n/a,n/a,19.51289500864281,0.09212792248450902
42.57950522794453,2,MOVE SOMEWHERE AND SOMETHING,0.0,0.5,0.0,n/a,n/a
46.804719840815665,grab,Picked Up,n/a,n/a,n/a,n/a,n/a
48.97153914049982,release,Snapped!,n/a,n/a,n/a,19.68980360342796,0.06903197964184662
48.97169041744904,2,MOVE SOMEWHERE AND SOMETHING,0.0,0.5,0.0,n/a,n/a
51.14670820454452,grab,Did Not Pick Up,n/a,n/a,n/a,n/a,n/a
51.65496138670939,release,Did Not Snap,n/a,n/a,n/a,n/a,n/a
52.088794747616106,grab,Picked Up,n/a,n/a,n/a,n/a,n/a
53.838508843222534,release,Did Not Snap,n/a,n/a,n/a,n/a,n/a
54.48893885247092,grab,Picked Up,n/a,n/a,n/a,n/a,n/a
57.272112877917394,release,Did Not Snap,n/a,n/a,n/a,n/a,n/a
58.01401782838022,grab,Picked Up,n/a,n/a,n/a,n/a,n/a
61.64755665125872,release,Snapped!,n/a,n/a,n/a,32.203550682016456,0.07645380751898952
61.647720886193625,2,MOVE SOMEWHERE AND SOMETHING,0.0,0.5,0.0,n/a,n/a
61.74758778055922,grab,Did Not Pick Up,n/a,n/a,n/a,n/a,n/a
62.07262378417179,release,Did Not Snap,n/a,n/a,n/a,n/a,n/a
64.91457493136035,grab,Picked Up,n/a,n/a,n/a,n/a,n/a
67.79808444809679,release,Snapped!,n/a,n/a,n/a,23.565960294899522,0.054070773097405045
67.79821342525668,2,MOVE SOMEWHERE AND SOMETHING,0.0,0.5,0.0,n/a,n/a
73.68196191135713,grab,Picked Up,n/a,n/a,n/a,n/a,n/a
75.44877843863505,release,Snapped!,n/a,n/a,n/a,10.985659727318609,0.020549928357702408
75.44891766164409,2,MOVE SOMEWHERE AND SOMETHING,0.0,0.5,0.0,n/a,n/a
76.45715532436098,FINISHED,FINISHED,n/a,n/a,n/a,n/a,n/a
