timestamp,event,event result,x,y,z,angular offset,positional offset
9.0404551326732e-07,1,MOVE SOMEWHERE AND SOMETHING,0.0,0.5,-1.0,n/a,n/a
4.219956684165974,grab,Picked Up,n/a,n/a,n/a,n/a,n/a
7.319988717511994,release,Snapped!,n/a,n/a,n/a,21.16749185886367,0.07871908544099294
7.320603167112512,1,MOVE SOMEWHERE AND SOMETHING,-0.5,0.5,0.0,n/a,n/a
10.737202708399819,grab,Picked Up,n/a,n/a,n/a,n/a,n/a
12.0897617749668,release,Snapped!,n/a,n/a,n/a,10.911059493035454,0.04269129032459769
12.089922092371152,1,MOVE SOMEWHERE AND SOMETHING,0.0,0.5,1.0,n/a,n/a
14.573439986596018,grab,Picked Up,n/a,n/a,n/a,n/a,n/a
17.36524192107261,release,Snapped!,n/a,n/a,n/a,8.114367511282271,0.010494757570958442
17.365602936580906,1,MOVE SOMEWHERE AND SOMETHING,1.0,0.5,0.0,n/a,n/a
19.691763271463472,grab,Picked Up,n/a,n/a,n/a,n/a,n/a
23.782469472643132,release,Did Not Snap,n/a,n/a,n/a,n/a,n/a
24.365941652299878,grab,Picked Up,n/a,n/a,n/a,n/a,n/a
25.38252998342282,release,Did Not Snap,n/a,n/a,n/a,n/a,n/a
25.965997944200502,grab,Picked Up,n/a,n/a,n/a,n/a,n/a
27.449435077026184,release,Snapped!,n/a,n/a,n/a,16.689866324220326,0.07170954844014628
27.449587860717926,1,MOVE SOMEWHERE AND SOMETHING,0.0,1.0,0.0,n/a,n/a
32.166606547640036,grab,Picked Up,n/a,n/a,n/a,n/a,n/a
34.59166916032554,release,Snapped!,n/a,n/a,n/a,10.157231495978575,0.010070561751101006
34.591827970987374,1,MOVE SOMEWHERE AND SOMETHING,0.0,0.75,0.0,n/a,n/a
37.58371145036926,grab,Picked Up,n/a,n/a,n/a,n/a,n/a
38.97562301543176,release,Snapped!,n/a,n/a,n/a,7.740207521766382,0.01994055138654785
38.97575651281922,1,MOVE SOMEWHERE AND SOMETHING,0.0,0.5,0.5,n/a,n/a
41.200575153755544,grab,Did Not Pick Up,n/a,n/a,n/a,n/a,n/a
41.89230829036857,release,Did Not Snap,n/a,n/a,n/a,n/a,n/a
42.584162870428884,grab,Picked Up,n/a,n/a,n/a,n/a,n/a
44.45100751352226,release,Snapped!,n/a,n/a,n/a,13.568542867798442,0.06578114492383262
44.45115246215289,1,MOVE SOMEWHERE AND SOMETHING,0.5,0.5,0.0,n/a,n/a
47.167956588939845,grab,Picked Up,n/a,n/a,n/a,n/a,n/a
48.87621718427793,release,Snapped!,n/a,n/a,n/a,7.677920576258337,0.06360349742895653
48.87642270395794,1,MOVE SOMEWHERE AND SOMETHING,0.0,0.5,-0.5,n/a,n/a
51.55167207737907,grab,Picked Up,n/a,n/a,n/a,n/a,n/a
53.25172635024471,release,Snapped!,n/a,n/a,n/a,10.108776012818417,0.030996345659614063
53.25190083102877,1,MOVE SOMEWHERE AND SOMETHING,0.0,0.0,0.0,n/a,n/a
55.70188195154497,grab,Picked Up,n/a,n/a,n/a,n/a,n/a
58.877128763503805,release,Did Not Snap,n/a,n/a,n/a,n/a,n/a
59.46057502718917,grab,Picked Up,n/a,n/a,n/a,n/a,n/a
60.81886393421924,release,Did Not Snap,n/a,n/a,n/a,n/a,n/a
61.49402350578604,grab,Picked Up,n/a,n/a,n/a,n/a,n/a
63.16908724852844,release,Did Not Snap,n/a,n/a,n/a,n/a,n/a
63.585837765416464,grab,Picked Up,n/a,n/a,n/a,n/a,n/a
64.46923939938833,release,Did Not Snap,n/a,n/a,n/a,n/a,n/a
65.01939207760809,grab,Picked Up,n/a,n/a,n/a,n/a,n/a
65.79431970123103,release,Did Not Snap,n/a,n/a,n/a,n/a,n/a
66.38620251764621,grab,Picked Up,n/a,n/a,n/a,n/a,n/a
67.16115033161896,release,Snapped!,n/a,n/a,n/a,22.577445728974197,0.11380980834008124
67.16131064902332,1,MOVE SOMEWHERE AND SOMETHING,-1.0,0.5,0.0,n/a,n/a
69.40301113452588,grab,Did Not Pick Up,n/a,n/a,n/a,n/a,n/a
70.10318293330826,release,Did Not Snap,n/a,n/a,n/a,n/a,n/a
70.59483814119805,grab,Picked Up,n/a,n/a,n/a,n/a,n/a
73.86171328076007,release,Snapped!,n/a,n/a,n/a,9.852594712339366,0.060685517070386975
73.86186757119434,1,MOVE SOMEWHERE AND SOMETHING,0.0,0.25,0.0,n/a,n/a
74.87027579716474,FINISHED,FINISHED,n/a,n/a,n/a,n/a,n/a
