timestamp,event,event result,x,y,z,angular offset,positional offset
6.026970088448799e-07,1,MOVE SOMEWHERE AND SOMETHING,0.0,0.5,-1.0,n/a,n/a
13.070887715437813,grab,Picked Up,n/a,n/a,n/a,n/a,n/a
18.140627293073777,release,Did Not Snap,n/a,n/a,n/a,n/a,n/a
19.657552079801906,grab,Picked Up,n/a,n/a,n/a,n/a,n/a
20.049024278744955,release,Did Not Snap,n/a,n/a,n/a,n/a,n/a
25.89950720479072,grab,Did Not Pick Up,n/a,n/a,n/a,n/a,n/a
26.357888716216195,release,Did Not Snap,n/a,n/a,n/a,n/a,n/a
26.72487213029586,grab,Picked Up,n/a,n/a,n/a,n/a,n/a
28.508119082080402,release,Snapped!,n/a,n/a,n/a,14.456402762277769,0.06315130097107605
28.508941763497475,1,MOVE SOMEWHERE AND SOMETHING,-0.5,0.5,0.0,n/a,n/a
31.841771844828422,grab,Picked Up,n/a,n/a,n/a,n/a,n/a
34.89194727486027,release,Snapped!,n/a,n/a,n/a,0.6614063754143469,0.027442966014112835
34.89217569702662,1,MOVE SOMEWHERE AND SOMETHING,0.0,0.5,1.0,n/a,n/a
37.61736183246409,grab,Picked Up,n/a,n/a,n/a,n/a,n/a
39.82575758260641,release,Snapped!,n/a,n/a,n/a,5.09326656230566,0.019330089238612198
39.82592694046589,1,MOVE SOMEWHERE AND SOMETHING,1.0,0.5,0.0,n/a,n/a
43.559468264536974,grab,Picked Up,n/a,n/a,n/a,n/a,n/a
45.99298731895359,release,Snapped!,n/a,n/a,n/a,6.567978564680408,0.027261188900232408
45.993114789370956,1,MOVE SOMEWHERE AND SOMETHING,0.0,1.0,0.0,n/a,n/a
49.90164225894455,grab,Picked Up,n/a,n/a,n/a,n/a,n/a
52.33512213805559,release,Snapped!,n/a,n/a,n/a,7.812026540328102,0.033150024290362366
52.33525382735202,1,MOVE SOMEWHERE AND SOMETHING,0.0,0.75,0.0,n/a,n/a
55.618802579663736,grab,Picked Up,n/a,n/a,n/a,n/a,n/a
57.21051603821943,release,Snapped!,n/a,n/a,n/a,10.274689968653856,0.04765662516717718
57.210645919424834,1,MOVE SOMEWHERE AND SOMETHING,0.0,0.5,0.5,n/a,n/a
59.8691424254396,grab,Picked Up,n/a,n/a,n/a,n/a,n/a
62.494497828332,release,Snapped!,n/a,n/a,n/a,4.206710744385267,0.020791502123547974
62.49471992217976,1,MOVE SOMEWHERE AND SOMETHING,0.5,0.5,0.0,n/a,n/a
65.24475917282247,grab,Picked Up,n/a,n/a,n/a,n/a,n/a
66.51986233194924,release,Snapped!,n/a,n/a,n/a,4.7518486331465235,0.038320667834426926
66.5199952266397,1,MOVE SOMEWHERE AND SOMETHING,0.0,0.5,-0.5,n/a,n/a
69.48660038807661,grab,Picked Up,n/a,n/a,n/a,n/a,n/a
72.1535421859278,release,Snapped!,n/a,n/a,n/a,5.0675725746799065,0.018781684449241692
72.15380224968712,1,MOVE SOMEWHERE AND SOMETHING,0.0,0.0,0.0,n/a,n/a
75.18727332942183,grab,Picked Up,n/a,n/a,n/a,n/a,n/a
76.47055840179218,release,Snapped!,n/a,n/a,n/a,7.324901318015171,0.045016397164206835
76.47069521401319,1,MOVE SOMEWHERE AND SOMETHING,-1.0,0.5,0.0,n/a,n/a
78.89576988063887,grab,Picked Up,n/a,n/a,n/a,n/a,n/a
83.86279723133048,release,Snapped!,n/a,n/a,n/a,3.7615313056452133,0.031011204285298098
83.86292349635383,1,MOVE SOMEWHERE AND SOMETHING,0.0,0.25,0.0,n/a,n/a
84.87129013623061,FINISHED,FINISHED,n/a,n/a,n/a,n/a,n/a
