timestamp,event,event result,x,y,z,angular offset,positional offset
6.026970088448799e-07,1,MOVE SOMEWHERE AND SOMETHING,0.0,0.5,-1.0,n/a,n/a
4.617650825679835,grab,Picked Up,n/a,n/a,n/a,n/a,n/a
8.768023729386632,release,Snapped!,n/a,n/a,n/a,2.9649469397210755,0.020242174901856504
8.768616783243335,1,MOVE SOMEWHERE AND SOMETHING,-0.5,0.5,0.0,n/a,n/a
11.243212652297768,grab,Picked Up,n/a,n/a,n/a,n/a,n/a
12.970968085083943,release,Snapped!,n/a,n/a,n/a,3.541323923565895,0.0247611197482083
12.971298965741799,1,MOVE SOMEWHERE AND SOMETHING,0.0,0.5,1.0,n/a,n/a
15.12110864909383,grab,Did Not Pick Up,n/a,n/a,n/a,n/a,n/a
15.596201140483549,release,Did Not Snap,n/a,n/a,n/a,n/a,n/a
15.987907185866032,grab,Picked Up,n/a,n/a,n/a,n/a,n/a
18.84663892452335,release,Snapped!,n/a,n/a,n/a,5.2563417422137615,0.03770187071329543
18.846763984152684,1,MOVE SOMEWHERE AND SOMETHING,1.0,0.5,0.0,n/a,n/a
21.8885354070932,grab,Picked Up,n/a,n/a,n/a,n/a,n/a
24.988658447687556,release,Snapped!,n/a,n/a,n/a,38.52247287079333,0.1384258948231582
24.98905713175891,1,MOVE SOMEWHERE AND SOMETHING,0.0,1.0,0.0,n/a,n/a
30.45585711500393,grab,Did Not Pick Up,n/a,n/a,n/a,n/a,n/a
31.047480771705303,release,Did Not Snap,n/a,n/a,n/a,n/a,n/a
31.447521815371605,grab,Did Not Pick Up,n/a,n/a,n/a,n/a,n/a
31.964271518618666,release,Did Not Snap,n/a,n/a,n/a,n/a,n/a
33.33125553539534,grab,Picked Up,n/a,n/a,n/a,n/a,n/a
36.07292061244865,release,Snapped!,n/a,n/a,n/a,14.023431049517976,0.05099355805985224
36.07304476803247,1,MOVE SOMEWHERE AND SOMETHING,0.0,0.75,0.0,n/a,n/a
39.21498744732805,grab,Picked Up,n/a,n/a,n/a,n/a,n/a
41.598428407279734,release,Snapped!,n/a,n/a,n/a,10.112041079337974,0.04509056683985572
41.598720112632016,1,MOVE SOMEWHERE AND SOMETHING,0.0,0.5,0.5,n/a,n/a
45.17390279762911,grab,Picked Up,n/a,n/a,n/a,n/a,n/a
47.84061406387443,release,Snapped!,n/a,n/a,n/a,7.534494372329935,0.020759099505872146
47.84077317588476,1,MOVE SOMEWHERE AND SOMETHING,0.5,0.5,0.0,n/a,n/a
50.36589253249365,grab,Picked Up,n/a,n/a,n/a,n/a,n/a
54.60786001277115,release,Did Not Snap,n/a,n/a,n/a,n/a,n/a
55.966430680652856,grab,Picked Up,n/a,n/a,n/a,n/a,n/a
57.79975120667475,release,Snapped!,n/a,n/a,n/a,11.92614665157962,0.03919866342787462
57.79989916879042,1,MOVE SOMEWHERE AND SOMETHING,0.0,0.5,-0.5,n/a,n/a
62.358803007578615,grab,Picked Up,n/a,n/a,n/a,n/a,n/a
67.85899059702261,release,Snapped!,n/a,n/a,n/a,24.706995732862364,0.09473910618235232
67.85935281792493,1,MOVE SOMEWHERE AND SOMETHING,0.0,0.0,0.0,n/a,n/a
70.78430528773207,grab,Picked Up,n/a,n/a,n/a,n/a,n/a
72.76770942289652,release,Snapped!,n/a,n/a,n/a,7.1799592333675895,0.03730993955390938
72.7678377973594,1,MOVE SOMEWHERE AND SOMETHING,-1.0,0.5,0.0,n/a,n/a
75.10966403559287,grab,Picked Up,n/a,n/a,n/a,n/a,n/a
80.32672958220742,release,Snapped!,n/a,n/a,n/a,11.797320648012297,0.05105232352255182
80.32685403913975,1,MOVE SOMEWHERE AND SOMETHING,0.0,0.25,0.0,n/a,n/a
81.3351302744652,FINISHED,FINISHED,n/a,n/a,n/a,n/a,n/a
