timestamp,event,event result,x,y,z,angular offset,positional offset
6.026970088448799e-07,2,MOVE SOMEWHERE AND SOMETHING,0.0,0.5,0.0,n/a,n/a
4.566992032646891,grab,Picked Up,n/a,n/a,n/a,n/a,n/a
7.733772458373978,release,Snapped!,n/a,n/a,n/a,3.111339578387994,0.02914496089498473
7.734645766339794,2,MOVE SOMEWHERE AND SOMETHING,0.0,0.5,0.0,n/a,n/a
10.500863212790918,grab,Picked Up,n/a,n/a,n/a,n/a,n/a
12.820297449054776,release,Snapped!,n/a,n/a,n/a,9.571433282616807,0.03430955343623443
12.8204695190508,2,MOVE SOMEWHERE AND SOMETHING,0.0,0.5,0.0,n/a,n/a
15.137242245323598,grab,Picked Up,n/a,n/a,n/a,n/a,n/a
17.720756613770963,release,Snapped!,n/a,n/a,n/a,10.689744411690446,0.04328169006541212
17.72093079320652,2,MOVE SOMEWHERE AND SOMETHING,0.0,0.5,0.0,n/a,n/a
20.587714563902004,grab,Picked Up,n/a,n/a,n/a,n/a,n/a
22.404449470937497,release,Did Not Snap,n/a,n/a,n/a,n/a,n/a
23.322528181358763,grab,Picked Up,n/a,n/a,n/a,n/a,n/a
24.929692681781706,release,Did Not Snap,n/a,n/a,n/a,n/a,n/a
25.397681484876674,grab,Picked Up,n/a,n/a,n/a,n/a,n/a
26.27151319439359,release,Snapped!,n/a,n/a,n/a,12.123153647828168,0.05045937813893985
26.27163825402293,2,MOVE SOMEWHERE AND SOMETHING,0.0,0.5,0.0,n/a,n/a
29.27179374985121,grab,Picked Up,n/a,n/a,n/a,n/a,n/a
30.58851916440881,release,Snapped!,n/a,n/a,n/a,15.91345100595216,0.08386716589031232
30.58878676188074,2,MOVE SOMEWHERE AND SOMETHING,0.0,0.5,0.0,n/a,n/a
33.17210404840621,grab,Picked Up,n/a,n/a,n/a,n/a,n/a
33.87204591827971,release,Did Not Snap,n/a,n/a,n/a,n/a,n/a
34.52223635546708,grab,Picked Up,n/a,n/a,n/a,n/a,n/a
35.347222485902165,release,Did Not Snap,n/a,n/a,n/a,n/a,n/a
35.95568399028814,grab,Picked Up,n/a,n/a,n/a,n/a,n/a
36.52230144674404,release,Did Not Snap,n/a,n/a,n/a,n/a,n/a
37.13913320718885,grab,Picked Up,n/a,n/a,n/a,n/a,n/a
37.914109046572506,release,Did Not Snap,n/a,n/a,n/a,n/a,n/a
38.32259508072674,grab,Picked Up,n/a,n/a,n/a,n/a,n/a
39.48922091467106,release,Snapped!,n/a,n/a,n/a,18.465898011505264,0.08780298038552097
39.489345371603385,2,MOVE SOMEWHERE AND SOMETHING,0.0,0.5,0.0,n/a,n/a
41.74775713841871,grab,Did Not Pick Up,n/a,n/a,n/a,n/a,n/a
42.25613085998535,release,Did Not Snap,n/a,n/a,n/a,n/a,n/a
42.572914434804304,grab,Picked Up,n/a,n/a,n/a,n/a,n/a
44.114635683218836,release,Snapped!,n/a,n/a,n/a,24.456852398617844,0.07985745176731986
44.11476375633322,2,MOVE SOMEWHERE AND SOMETHING,0.0,0.5,0.0,n/a,n/a
47.048258250846715,grab,Picked Up,n/a,n/a,n/a,n/a,n/a
51.115242297758236,release,Snapped!,n/a,n/a,n/a,22.13873184051005,0.09271107141584846
51.11538423290382,2,MOVE SOMEWHERE AND SOMETHING,0.0,0.5,0.0,n/a,n/a
55.01564300086457,grab,Picked Up,n/a,n/a,n/a,n/a,n/a
55.9156552657487,release,Did Not Snap,n/a,n/a,n/a,n/a,n/a
56.457431359591034,grab,Picked Up,n/a,n/a,n/a,n/a,n/a
57.86587369821213,release,Did Not Snap,n/a,n/a,n/a,n/a,n/a
58.316091075955796,grab,Picked Up,n/a,n/a,n/a,n/a,n/a
59.54933451703026,release,Snapped!,n/a,n/a,n/a,25.443426539395077,0.029508166165522116
59.54948579397948,2,MOVE SOMEWHERE AND SOMETHING,0.0,0.5,0.0,n/a,n/a
63.808063302472235,grab,Picked Up,n/a,n/a,n/a,n/a,n/a
64.94144286266615,release,Did Not Snap,n/a,n/a,n/a,n/a,n/a
65.62487234123981,grab,Picked Up,n/a,n/a,n/a,n/a,n/a
66.49151688892626,release,Did Not Snap,n/a,n/a,n/a,n/a,n/a
66.8082655073187,grab,Picked Up,n/a,n/a,n/a,n/a,n/a
67.43326471627887,release,Did Not Snap,n/a,n/a,n/a,n/a,n/a
67.95009216744008,grab,Picked Up,n/a,n/a,n/a,n/a,n/a
69.08339277432583,release,Did Not Snap,n/a,n/a,n/a,n/a,n/a
69.74190374506881,grab,Picked Up,n/a,n/a,n/a,n/a,n/a
71.1252633409243,release,Did Not Snap,n/a,n/a,n/a,n/a,n/a
71.55040129073592,grab,Picked Up,n/a,n/a,n/a,n/a,n/a
74.1505639586586,release,Snapped!,n/a,n/a,n/a,15.90316838815496,0.011687428604356353
74.15093100113698,2,MOVE SOMEWHERE AND SOMETHING,0.0,0.5,0.0,n/a,n/a
76.7760350793767,grab,Picked Up,n/a,n/a,n/a,n/a,n/a
78.64257927801117,release,Snapped!,n/a,n/a,n/a,28.2704477923769,0.08425402578837277
78.64270494033751,2,MOVE SOMEWHERE AND SOMETHING,0.0,0.5,0.0,n/a,n/a
79.64269348909434,FINISHED,FINISHED,n/a,n/a,n/a,n/a,n/a
