timestamp,event,event result,x,y,z,angular offset,positional offset
6.026970088448799e-07,3,MOVE SOMEWHERE AND SOMETHING,0.0,0.0,0.0,n/a,n/a
3.323002503904723,grab,Picked Up,n/a,n/a,n/a,n/a,n/a
4.622976256449988,release,Did Not Snap,n/a,n/a,n/a,n/a,n/a
5.198163461674648,grab,Picked Up,n/a,n/a,n/a,n/a,n/a
6.873148251108887,release,Snapped!,n/a,n/a,n/a,11.167901306676898,0.06305723117684368
6.874711647149831,3,MOVE SOMEWHERE AND SOMETHING,0.0,1.0,0.0,n/a,n/a
9.698517696841597,grab,Picked Up,n/a,n/a,n/a,n/a,n/a
12.534763714144425,release,Snapped!,n/a,n/a,n/a,26.242701728072696,0.08264834518509437
12.535130756622811,3,MOVE SOMEWHERE AND SOMETHING,0.0,0.5,1.0,n/a,n/a
15.243390146566872,grab,Picked Up,n/a,n/a,n/a,n/a,n/a
18.310196397860786,release,Snapped!,n/a,n/a,n/a,34.83536818507954,0.13750403458854984
18.31033079929376,3,MOVE SOMEWHERE AND SOMETHING,0.0,0.5,-0.5,n/a,n/a
21.093840526974155,grab,Picked Up,n/a,n/a,n/a,n/a,n/a
22.6356241545291,release,Snapped!,n/a,n/a,n/a,24.999025200619513,0.08131953805585453
22.635763980235154,3,MOVE SOMEWHERE AND SOMETHING,0.0,0.25,0.0,n/a,n/a
24.927591981357377,grab,Picked Up,n/a,n/a,n/a,n/a,n/a
26.84425857268692,release,Did Not Snap,n/a,n/a,n/a,n/a,n/a
27.494418272326836,grab,Picked Up,n/a,n/a,n/a,n/a,n/a
28.17769978878483,release,Did Not Snap,n/a,n/a,n/a,n/a,n/a
28.594629608032985,grab,Picked Up,n/a,n/a,n/a,n/a,n/a
30.302963732406145,release,Snapped!,n/a,n/a,n/a,26.513038395257723,0.04194398549608241
30.30309150417202,3,MOVE SOMEWHERE AND SOMETHING,-1.0,0.5,0.0,n/a,n/a
32.88655313663111,grab,Picked Up,n/a,n/a,n/a,n/a,n/a
35.536710425482994,release,Snapped!,n/a,n/a,n/a,20.264530793260572,0.058109805600295564
35.537402622997654,3,MOVE SOMEWHERE AND SOMETHING,-0.5,0.5,0.0,n/a,n/a
38.295342327380794,grab,Picked Up,n/a,n/a,n/a,n/a,n/a
40.34542012049722,release,Did Not Snap,n/a,n/a,n/a,n/a,n/a
40.75387300631596,grab,Picked Up,n/a,n/a,n/a,n/a,n/a
41.528868734700914,release,Snapped!,n/a,n/a,n/a,39.1848060229684,0.05353234296334541
41.528995602421276,3,MOVE SOMEWHERE AND SOMETHING,0.0,0.5,0.5,n/a,n/a
44.745867984644484,grab,Picked Up,n/a,n/a,n/a,n/a,n/a
48.62114676967964,release,Snapped!,n/a,n/a,n/a,24.340808845780906,0.08992383872523449
48.62127213065748,3,MOVE SOMEWHERE AND SOMETHING,0.0,0.75,0.0,n/a,n/a
51.75493284900602,grab,Picked Up,n/a,n/a,n/a,n/a,n/a
54.02155123964228,release,Snapped!,n/a,n/a,n/a,12.527123469507517,0.05588762630780238
54.02170281794,3,MOVE SOMEWHERE AND SOMETHING,1.0,0.5,0.0,n/a,n/a
56.963572992785416,grab,Picked Up,n/a,n/a,n/a,n/a,n/a
62.047503975540145,release,Did Not Snap,n/a,n/a,n/a,n/a,n/a
62.37327285871547,grab,Picked Up,n/a,n/a,n/a,n/a,n/a
63.122594899917644,release,Did Not Snap,n/a,n/a,n/a,n/a,n/a
63.789223898021255,grab,Picked Up,n/a,n/a,n/a,n/a,n/a
66.08092322333209,release,Snapped!,n/a,n/a,n/a,26.46448203214791,0.12616183366301223
66.08104858430993,3,MOVE SOMEWHERE AND SOMETHING,0.5,0.5,0.0,n/a,n/a
69.17294661882458,grab,Picked Up,n/a,n/a,n/a,n/a,n/a
71.28138235791343,release,Snapped!,n/a,n/a,n/a,19.957374077522726,0.030125930575035636
71.2815098283308,3,MOVE SOMEWHERE AND SOMETHING,0.0,0.5,-1.0,n/a,n/a
72.28149476090557,FINISHED,FINISHED,n/a,n/a,n/a,n/a,n/a
