timestamp,event,event result,x,y,z,angular offset,positional offset
3.0134850442243996e-07,2,MOVE SOMEWHERE AND SOMETHING,0.0,0.5,0.0,n/a,n/a
3.073246972878936,grab,Picked Up,n/a,n/a,n/a,n/a,n/a
4.348174445827634,release,Snapped!,n/a,n/a,n/a,6.4099746615798665,0.03949340217407554
4.349125200359087,2,MOVE SOMEWHERE AND SOMETHING,0.0,0.5,0.0,n/a,n/a
6.873485158736831,grab,Picked Up,n/a,n/a,n/a,n/a,n/a
9.156857622173463,release,Snapped!,n/a,n/a,n/a,4.337446887599226,0.02632574706577375
9.157008899122683,2,MOVE SOMEWHERE AND SOMETHING,0.0,0.5,0.0,n/a,n/a
11.776820996276237,grab,Picked Up,n/a,n/a,n/a,n/a,n/a
15.43520690738988,release,Snapped!,n/a,n/a,n/a,20.08511777720138,0.11683227677004555
15.435382894916462,2,MOVE SOMEWHERE AND SOMETHING,0.0,0.5,0.0,n/a,n/a
18.20227807415403,grab,Picked Up,n/a,n/a,n/a,n/a,n/a
20.268891763753622,release,Did Not Snap,n/a,n/a,n/a,n/a,n/a
21.11063739126216,grab,Picked Up,n/a,n/a,n/a,n/a,n/a
22.31903585354101,release,Did Not Snap,n/a,n/a,n/a,n/a,n/a
22.835919958221044,grab,Picked Up,n/a,n/a,n/a,n/a,n/a
24.285899270646215,release,Did Not Snap,n/a,n/a,n/a,n/a,n/a
24.777624090040522,grab,Picked Up,n/a,n/a,n/a,n/a,n/a
26.91116758382084,release,Snapped!,n/a,n/a,n/a,32.3569140360994,0.1310556730430883
26.911408059927368,2,MOVE SOMEWHERE AND SOMETHING,0.0,0.5,0.0,n/a,n/a
29.486494614751553,grab,Picked Up,n/a,n/a,n/a,n/a,n/a
30.819739954321594,release,Snapped!,n/a,n/a,n/a,13.277776188265593,0.05415544642929797
30.81987254766354,2,MOVE SOMEWHERE AND SOMETHING,0.0,0.5,0.0,n/a,n/a
33.50347048005118,grab,Picked Up,n/a,n/a,n/a,n/a,n/a
34.836795676974894,release,Did Not Snap,n/a,n/a,n/a,n/a,n/a
35.70365840097854,grab,Picked Up,n/a,n/a,n/a,n/a,n/a
36.98695703403159,release,Snapped!,n/a,n/a,n/a,24.061636809807016,0.12163239393336751
36.9871143379509,2,MOVE SOMEWHERE AND SOMETHING,0.0,0.5,0.0,n/a,n/a
39.61227024813337,grab,Picked Up,n/a,n/a,n/a,n/a,n/a
41.34564372108749,release,Snapped!,n/a,n/a,n/a,8.620495430457817,0.03671033649191495
41.34576908206533,2,MOVE SOMEWHERE AND SOMETHING,0.0,0.5,0.0,n/a,n/a
44.979453154922965,grab,Picked Up,n/a,n/a,n/a,n/a,n/a
46.27944378298448,release,Did Not Snap,n/a,n/a,n/a,n/a,n/a
46.70500211395976,grab,Picked Up,n/a,n/a,n/a,n/a,n/a
47.68786623260428,release,Did Not Snap,n/a,n/a,n/a,n/a,n/a
48.3714213735043,grab,Picked Up,n/a,n/a,n/a,n/a,n/a
49.13794649677843,release,Did Not Snap,n/a,n/a,n/a,n/a,n/a
49.87981739486026,grab,Picked Up,n/a,n/a,n/a,n/a,n/a
50.92157555846658,release,Snapped!,n/a,n/a,n/a,30.93779491509614,0.10140979924629884
50.92172954755234,2,MOVE SOMEWHERE AND SOMETHING,0.0,0.5,0.0,n/a,n/a
54.9552994695965,grab,Picked Up,n/a,n/a,n/a,n/a,n/a
56.82207510388236,release,Snapped!,n/a,n/a,n/a,30.053846510839957,0.08580696722754427
56.822217641724954,2,MOVE SOMEWHERE AND SOMETHING,0.0,0.5,0.0,n/a,n/a
59.96421365970582,grab,Picked Up,n/a,n/a,n/a,n/a,n/a
62.01414258666105,release,Did Not Snap,n/a,n/a,n/a,n/a,n/a
62.48081088060964,grab,Picked Up,n/a,n/a,n/a,n/a,n/a
63.089147325366284,release,Did Not Snap,n/a,n/a,n/a,n/a,n/a
64.46436388193527,grab,Picked Up,n/a,n/a,n/a,n/a,n/a
65.30600976308885,release,Snapped!,n/a,n/a,n/a,38.712723746897474,0.08117174484833005
65.30624300683127,2,MOVE SOMEWHERE AND SOMETHING,0.0,0.5,0.0,n/a,n/a
68.08970843628151,grab,Picked Up,n/a,n/a,n/a,n/a,n/a
69.1815073271382,release,Snapped!,n/a,n/a,n/a,22.382490201382062,0.11646845977017464
69.18168482140732,2,MOVE SOMEWHERE AND SOMETHING,0.0,0.5,0.0,n/a,n/a
70.18980194472243,FINISHED,FINISHED,n/a,n/a,n/a,n/a,n/a
