timestamp,event,event result,x,y,z,angular offset,positional offset
9.0404551326732e-07,3,MOVE SOMEWHERE AND SOMETHING,0.0,0.0,0.0,n/a,n/a
3.597610246090229,grab,Picked Up,n/a,n/a,n/a,n/a,n/a
5.280997837221784,release,Snapped!,n/a,n/a,n/a,30.16478076643014,0.10839958615634981
5.281658694491982,3,MOVE SOMEWHERE AND SOMETHING,0.0,1.0,0.0,n/a,n/a
5.339683650367028,grab,Did Not Pick Up,n/a,n/a,n/a,n/a,n/a
5.397598915386463,release,Did Not Snap,n/a,n/a,n/a,n/a,n/a
8.681329983543359,grab,Picked Up,n/a,n/a,n/a,n/a,n/a
12.089866342897833,release,Snapped!,n/a,n/a,n/a,13.679113004288206,0.06256258660604108
12.089995621406231,3,MOVE SOMEWHERE AND SOMETHING,0.0,0.5,1.0,n/a,n/a
14.823559546615147,grab,Picked Up,n/a,n/a,n/a,n/a,n/a
18.173690045584987,release,Snapped!,n/a,n/a,n/a,10.032575114073344,0.05631293084376786
18.17386663580858,3,MOVE SOMEWHERE AND SOMETHING,0.0,0.5,-0.5,n/a,n/a
21.04348669862769,grab,Picked Up,n/a,n/a,n/a,n/a,n/a
23.735379549948064,release,Snapped!,n/a,n/a,n/a,8.983898418839189,0.04635477176553435
23.735887924875023,3,MOVE SOMEWHERE AND SOMETHING,0.0,0.25,0.0,n/a,n/a
26.835637896020906,grab,Picked Up,n/a,n/a,n/a,n/a,n/a
28.510732979007763,release,Did Not Snap,n/a,n/a,n/a,n/a,n/a
29.92745667587889,grab,Picked Up,n/a,n/a,n/a,n/a,n/a
32.194240506844075,release,Did Not Snap,n/a,n/a,n/a,n/a,n/a
32.79437906688641,grab,Picked Up,n/a,n/a,n/a,n/a,n/a
34.527773332887335,release,Snapped!,n/a,n/a,n/a,10.414044982896208,0.04736977295759025
34.527924007139546,3,MOVE SOMEWHERE AND SOMETHING,-1.0,0.5,0.0,n/a,n/a
36.89477814271082,grab,Picked Up,n/a,n/a,n/a,n/a,n/a
39.76997104342221,release,Snapped!,n/a,n/a,n/a,4.932873031682316,0.017529488757435874
39.770135278357124,3,MOVE SOMEWHERE AND SOMETHING,-0.5,0.5,0.0,n/a,n/a
42.279231934985866,grab,Picked Up,n/a,n/a,n/a,n/a,n/a
43.77031186858071,release,Did Not Snap,n/a,n/a,n/a,n/a,n/a
44.12965278323972,grab,Picked Up,n/a,n/a,n/a,n/a,n/a
49.13736911304396,release,Did Not Snap,n/a,n/a,n/a,n/a,n/a
49.67915967161451,grab,Picked Up,n/a,n/a,n/a,n/a,n/a
50.529184547933546,release,Did Not Snap,n/a,n/a,n/a,n/a,n/a
51.03765198888506,grab,Picked Up,n/a,n/a,n/a,n/a,n/a
53.33774597948359,release,Snapped!,n/a,n/a,n/a,42.89734825725387,0.12007496205651812
53.337909009024486,3,MOVE SOMEWHERE AND SOMETHING,0.0,0.5,0.5,n/a,n/a
56.638202492332944,grab,Picked Up,n/a,n/a,n/a,n/a,n/a
63.73865219470609,release,Snapped!,n/a,n/a,n/a,18.814095121699946,0.059928950872211686
63.73907378126378,3,MOVE SOMEWHERE AND SOMETHING,0.0,0.75,0.0,n/a,n/a
66.83066263221289,grab,Picked Up,n/a,n/a,n/a,n/a,n/a
68.73906654889967,release,Snapped!,n/a,n/a,n/a,7.33061592963243,0.054538882204466614
68.73927508206474,3,MOVE SOMEWHERE AND SOMETHING,1.0,0.5,0.0,n/a,n/a
71.0642707049777,grab,Picked Up,n/a,n/a,n/a,n/a,n/a
75.33985089878698,release,Did Not Snap,n/a,n/a,n/a,n/a,n/a
76.09803499680721,grab,Picked Up,n/a,n/a,n/a,n/a,n/a
77.36479200775551,release,Snapped!,n/a,n/a,n/a,25.43378745161126,0.04646086934348248
77.36494057256819,3,MOVE SOMEWHERE AND SOMETHING,0.5,0.5,0.0,n/a,n/a
83.08207166248245,grab,Picked Up,n/a,n/a,n/a,n/a,n/a
85.81547346219598,release,Snapped!,n/a,n/a,n/a,22.076758680292908,0.10992579876019265
85.81560816497746,3,MOVE SOMEWHERE AND SOMETHING,0.0,0.5,-1.0,n/a,n/a
86.8156117811595,FINISHED,FINISHED,n/a,n/a,n/a,n/a,n/a
